Ref,Val,Package,PosX,PosY,Rot,Side
"D4","Green","LED_0805_2012Metric_Pad1.15x1.40mm_HandSolder",-92.000000,-93.000000,180.000000,bottom
"D5","BLUE","LED_0805_2012Metric_Pad1.15x1.40mm_HandSolder",-92.000000,-96.500000,180.000000,bottom
"D6","Red","LED_0805_2012Metric_Pad1.15x1.40mm_HandSolder",-91.948000,-100.076000,180.000000,bottom
"L1","WS2812B","LED_WS2812B_PLCC4_5.0x5.0mm_P3.2mm",-138.000000,-90.000000,180.000000,bottom
"L2","WS2812B","LED_WS2812B_PLCC4_5.0x5.0mm_P3.2mm",-115.000000,-96.500000,180.000000,bottom
"L3","WS2812B","LED_WS2812B_PLCC4_5.0x5.0mm_P3.2mm",-138.228000,-102.824000,180.000000,bottom
"S2","TL3342F160QG","SW_TL3305BF260QG",-105.000000,-96.500000,90.000000,bottom
"S3","TL3342F160QG","SW_TL3305BF260QG",-125.000000,-96.500000,-90.000000,bottom
