ISO-10303-21;
HEADER;
/* Generated by software containing ST-Developer
 * from STEP Tools, Inc. (www.steptools.com) 
 */
/* OPTION: using custom renumber hook */

FILE_DESCRIPTION(
/* description */ ('STEP AP242',
'CAx-IF Rec.Pracs.---Representation and Presentation of Product Manufa
cturing Information (PMI)---4.0---2014-10-13',
'CAx-IF Rec.Pracs.---3D Tessellated Geometry---0.4---2014-09-14','2;1'),

/* implementation_level */ '2;1');

FILE_NAME(
/* name */ 'A24AH',
/* time_stamp */ '2026-04-23T05:29:19+02:00',
/* author */ ('License CC BY-ND 4.0'),
/* organization */ ('CADENAS'),
/* preprocessor_version */ 'ST-DEVELOPER v20',
/* originating_system */ 'PARTsolutions',
/* authorisation */ '  ');

FILE_SCHEMA (('AP242_MANAGED_MODEL_BASED_3D_ENGINEERING_MIM_LF { 1 0 10303 442 1 1 4 }'));
ENDSEC;

DATA;
#10=VERTEX_LOOP('',#1939);
#11=DEGENERATE_TOROIDAL_SURFACE('',#3849,0.00399980718995598,0.055,.F.);
#12=CONICAL_SURFACE('',#3847,0.0377650283626276,0.0349065850398866);
#13=TOROIDAL_SURFACE('',#3664,0.024,0.012);
#14=TOROIDAL_SURFACE('',#3666,0.024,0.012);
#15=TOROIDAL_SURFACE('',#3668,0.024,0.012);
#16=TOROIDAL_SURFACE('',#3685,0.024,0.012);
#17=TOROIDAL_SURFACE('',#3687,0.024,0.012);
#18=TOROIDAL_SURFACE('',#3689,0.024,0.012);
#19=CONTEXT_DEPENDENT_SHAPE_REPRESENTATION(#27,#5830);
#20=CONTEXT_DEPENDENT_SHAPE_REPRESENTATION(#28,#5832);
#21=CONTEXT_DEPENDENT_SHAPE_REPRESENTATION(#29,#5834);
#22=CONTEXT_DEPENDENT_SHAPE_REPRESENTATION(#30,#5836);
#23=NEXT_ASSEMBLY_USAGE_OCCURRENCE('NAUO1','A2-toggle-body',
'A2-toggle-body',#5837,#5838,'');
#24=NEXT_ASSEMBLY_USAGE_OCCURRENCE('NAUO2','A24H-toggle-terminals',
'A24H-toggle-terminals',#5837,#5839,'');
#25=NEXT_ASSEMBLY_USAGE_OCCURRENCE('NAUO3','A2H-toggle-bracket_ra',
'A2H-toggle-bracket_ra',#5837,#5840,'');
#26=NEXT_ASSEMBLY_USAGE_OCCURRENCE('NAUO4','AA-toggle-toggle',
'AA-toggle-toggle',#5837,#5841,'');
#27=(
REPRESENTATION_RELATIONSHIP(' ',' ',#3570,#3569)
REPRESENTATION_RELATIONSHIP_WITH_TRANSFORMATION(#31)
SHAPE_REPRESENTATION_RELATIONSHIP()
);
#28=(
REPRESENTATION_RELATIONSHIP(' ',' ',#3571,#3569)
REPRESENTATION_RELATIONSHIP_WITH_TRANSFORMATION(#32)
SHAPE_REPRESENTATION_RELATIONSHIP()
);
#29=(
REPRESENTATION_RELATIONSHIP(' ',' ',#3572,#3569)
REPRESENTATION_RELATIONSHIP_WITH_TRANSFORMATION(#33)
SHAPE_REPRESENTATION_RELATIONSHIP()
);
#30=(
REPRESENTATION_RELATIONSHIP(' ',' ',#3573,#3569)
REPRESENTATION_RELATIONSHIP_WITH_TRANSFORMATION(#34)
SHAPE_REPRESENTATION_RELATIONSHIP()
);
#31=ITEM_DEFINED_TRANSFORMATION(' ',' ',#3574,#3645);
#32=ITEM_DEFINED_TRANSFORMATION(' ',' ',#3574,#3700);
#33=ITEM_DEFINED_TRANSFORMATION(' ',' ',#3574,#3844);
#34=ITEM_DEFINED_TRANSFORMATION(' ',' ',#3574,#3850);
#35=SHAPE_REPRESENTATION_RELATIONSHIP('','',#3570,#39);
#36=SHAPE_REPRESENTATION_RELATIONSHIP('','',#3571,#40);
#37=SHAPE_REPRESENTATION_RELATIONSHIP('','',#3572,#41);
#38=SHAPE_REPRESENTATION_RELATIONSHIP('','',#3573,#42);
#39=ADVANCED_BREP_SHAPE_REPRESENTATION('',(#3560),#5813);
#40=ADVANCED_BREP_SHAPE_REPRESENTATION('',(#3561),#5814);
#41=ADVANCED_BREP_SHAPE_REPRESENTATION('',(#3562),#5815);
#42=ADVANCED_BREP_SHAPE_REPRESENTATION('',(#3563),#5816);
#43=CYLINDRICAL_SURFACE('',#3638,0.07);
#44=CYLINDRICAL_SURFACE('',#3658,0.012);
#45=CYLINDRICAL_SURFACE('',#3660,0.012);
#46=CYLINDRICAL_SURFACE('',#3662,0.012);
#47=CYLINDRICAL_SURFACE('',#3670,0.012);
#48=CYLINDRICAL_SURFACE('',#3673,0.012);
#49=CYLINDRICAL_SURFACE('',#3676,0.012);
#50=CYLINDRICAL_SURFACE('',#3679,0.012);
#51=CYLINDRICAL_SURFACE('',#3681,0.012);
#52=CYLINDRICAL_SURFACE('',#3683,0.012);
#53=CYLINDRICAL_SURFACE('',#3691,0.012);
#54=CYLINDRICAL_SURFACE('',#3694,0.012);
#55=CYLINDRICAL_SURFACE('',#3697,0.012);
#56=CYLINDRICAL_SURFACE('',#3710,0.00500000000000001);
#57=CYLINDRICAL_SURFACE('',#3729,0.00599999999999998);
#58=CYLINDRICAL_SURFACE('',#3731,0.00599999999999998);
#59=CYLINDRICAL_SURFACE('',#3733,0.00599999999999997);
#60=CYLINDRICAL_SURFACE('',#3735,0.00599999999999997);
#61=CYLINDRICAL_SURFACE('',#3755,0.0375);
#62=CYLINDRICAL_SURFACE('',#3756,0.0375);
#63=CYLINDRICAL_SURFACE('',#3766,0.005);
#64=CYLINDRICAL_SURFACE('',#3774,0.00500000000000001);
#65=CYLINDRICAL_SURFACE('',#3784,0.00999999999999997);
#66=CYLINDRICAL_SURFACE('',#3785,0.00999999999999996);
#67=CYLINDRICAL_SURFACE('',#3788,0.00999999999999996);
#68=CYLINDRICAL_SURFACE('',#3789,0.00999999999999997);
#69=CYLINDRICAL_SURFACE('',#3790,0.00400000000000133);
#70=CYLINDRICAL_SURFACE('',#3793,0.0955249999999996);
#71=CYLINDRICAL_SURFACE('',#3796,0.00400000000000127);
#72=CYLINDRICAL_SURFACE('',#3803,0.00399999999999994);
#73=CYLINDRICAL_SURFACE('',#3806,0.0955249999999999);
#74=CYLINDRICAL_SURFACE('',#3809,0.00400000000000023);
#75=CYLINDRICAL_SURFACE('',#3832,0.00400000000000003);
#76=CYLINDRICAL_SURFACE('',#3833,0.0955249999999998);
#77=CYLINDRICAL_SURFACE('',#3834,0.0040000000000004);
#78=CYLINDRICAL_SURFACE('',#3839,0.00399999999999957);
#79=CYLINDRICAL_SURFACE('',#3840,0.0955249999999997);
#80=CYLINDRICAL_SURFACE('',#3841,0.00400000000000105);
#81=CYLINDRICAL_SURFACE('',#3842,0.014);
#82=CYLINDRICAL_SURFACE('',#3843,0.014);
#83=CIRCLE('',#3595,0.07);
#84=CIRCLE('',#3639,0.07);
#85=CIRCLE('',#3651,0.012);
#86=CIRCLE('',#3652,0.012);
#87=CIRCLE('',#3653,0.012);
#88=CIRCLE('',#3654,0.012);
#89=CIRCLE('',#3655,0.012);
#90=CIRCLE('',#3656,0.012);
#91=CIRCLE('',#3659,0.012);
#92=CIRCLE('',#3661,0.012);
#93=CIRCLE('',#3663,0.012);
#94=CIRCLE('',#3665,0.012);
#95=CIRCLE('',#3667,0.012);
#96=CIRCLE('',#3669,0.012);
#97=CIRCLE('',#3671,0.012);
#98=CIRCLE('',#3674,0.012);
#99=CIRCLE('',#3677,0.012);
#100=CIRCLE('',#3680,0.012);
#101=CIRCLE('',#3682,0.012);
#102=CIRCLE('',#3684,0.012);
#103=CIRCLE('',#3686,0.012);
#104=CIRCLE('',#3688,0.012);
#105=CIRCLE('',#3690,0.012);
#106=CIRCLE('',#3692,0.012);
#107=CIRCLE('',#3695,0.012);
#108=CIRCLE('',#3698,0.012);
#109=CIRCLE('',#3702,0.00599999999999998);
#110=CIRCLE('',#3704,0.00599999999999997);
#111=CIRCLE('',#3706,0.00599999999999997);
#112=CIRCLE('',#3708,0.00599999999999998);
#113=CIRCLE('',#3711,0.00500000000000001);
#114=CIRCLE('',#3712,0.00500000000000001);
#115=CIRCLE('',#3716,0.00999999999999997);
#116=CIRCLE('',#3717,0.00999999999999996);
#117=CIRCLE('',#3719,0.00999999999999997);
#118=CIRCLE('',#3720,0.00999999999999996);
#119=CIRCLE('',#3722,0.00999999999999997);
#120=CIRCLE('',#3723,0.00999999999999996);
#121=CIRCLE('',#3725,0.00999999999999997);
#122=CIRCLE('',#3726,0.00999999999999996);
#123=CIRCLE('',#3730,0.00599999999999998);
#124=CIRCLE('',#3732,0.00599999999999998);
#125=CIRCLE('',#3734,0.00599999999999997);
#126=CIRCLE('',#3736,0.00599999999999997);
#127=CIRCLE('',#3738,0.0375);
#128=CIRCLE('',#3739,0.0375);
#129=CIRCLE('',#3742,0.0375);
#130=CIRCLE('',#3743,0.0375);
#131=CIRCLE('',#3767,0.005);
#132=CIRCLE('',#3768,0.005);
#133=CIRCLE('',#3775,0.00500000000000001);
#134=CIRCLE('',#3776,0.00500000000000001);
#135=CIRCLE('',#3791,0.00400000000000133);
#136=CIRCLE('',#3792,0.00400000000000133);
#137=CIRCLE('',#3794,0.0955249999999996);
#138=CIRCLE('',#3795,0.0955249999999996);
#139=CIRCLE('',#3797,0.00400000000000127);
#140=CIRCLE('',#3798,0.00400000000000127);
#141=CIRCLE('',#3800,0.014);
#142=CIRCLE('',#3802,0.014);
#143=CIRCLE('',#3804,0.00399999999999994);
#144=CIRCLE('',#3805,0.00399999999999994);
#145=CIRCLE('',#3807,0.0955249999999999);
#146=CIRCLE('',#3808,0.0955249999999999);
#147=CIRCLE('',#3810,0.00400000000000023);
#148=CIRCLE('',#3811,0.00400000000000023);
#149=CIRCLE('',#3818,0.0040000000000004);
#150=CIRCLE('',#3819,0.0955249999999998);
#151=CIRCLE('',#3820,0.00400000000000003);
#152=CIRCLE('',#3821,0.00400000000000105);
#153=CIRCLE('',#3822,0.0955249999999997);
#154=CIRCLE('',#3823,0.00399999999999957);
#155=CIRCLE('',#3825,0.00399999999999957);
#156=CIRCLE('',#3826,0.0955249999999997);
#157=CIRCLE('',#3827,0.00400000000000105);
#158=CIRCLE('',#3828,0.00400000000000003);
#159=CIRCLE('',#3829,0.0955249999999998);
#160=CIRCLE('',#3830,0.0040000000000004);
#161=CIRCLE('',#3836,0.014);
#162=CIRCLE('',#3838,0.014);
#163=CIRCLE('',#3846,0.0377650283626276);
#164=CIRCLE('',#3848,0.051);
#165=ORIENTED_EDGE('',*,*,#1129,.F.);
#166=ORIENTED_EDGE('',*,*,#1130,.T.);
#167=ORIENTED_EDGE('',*,*,#1131,.T.);
#168=ORIENTED_EDGE('',*,*,#1132,.T.);
#169=ORIENTED_EDGE('',*,*,#1133,.F.);
#170=ORIENTED_EDGE('',*,*,#1134,.F.);
#171=ORIENTED_EDGE('',*,*,#1135,.F.);
#172=ORIENTED_EDGE('',*,*,#1136,.F.);
#173=ORIENTED_EDGE('',*,*,#1137,.F.);
#174=ORIENTED_EDGE('',*,*,#1138,.F.);
#175=ORIENTED_EDGE('',*,*,#1139,.F.);
#176=ORIENTED_EDGE('',*,*,#1140,.F.);
#177=ORIENTED_EDGE('',*,*,#1141,.F.);
#178=ORIENTED_EDGE('',*,*,#1142,.F.);
#179=ORIENTED_EDGE('',*,*,#1143,.F.);
#180=ORIENTED_EDGE('',*,*,#1144,.F.);
#181=ORIENTED_EDGE('',*,*,#1145,.F.);
#182=ORIENTED_EDGE('',*,*,#1146,.F.);
#183=ORIENTED_EDGE('',*,*,#1147,.F.);
#184=ORIENTED_EDGE('',*,*,#1148,.F.);
#185=ORIENTED_EDGE('',*,*,#1149,.F.);
#186=ORIENTED_EDGE('',*,*,#1150,.T.);
#187=ORIENTED_EDGE('',*,*,#1151,.F.);
#188=ORIENTED_EDGE('',*,*,#1136,.T.);
#189=ORIENTED_EDGE('',*,*,#1152,.T.);
#190=ORIENTED_EDGE('',*,*,#1153,.T.);
#191=ORIENTED_EDGE('',*,*,#1154,.T.);
#192=ORIENTED_EDGE('',*,*,#1155,.F.);
#193=ORIENTED_EDGE('',*,*,#1156,.F.);
#194=ORIENTED_EDGE('',*,*,#1157,.F.);
#195=ORIENTED_EDGE('',*,*,#1158,.T.);
#196=ORIENTED_EDGE('',*,*,#1159,.T.);
#197=ORIENTED_EDGE('',*,*,#1160,.F.);
#198=ORIENTED_EDGE('',*,*,#1140,.T.);
#199=ORIENTED_EDGE('',*,*,#1161,.T.);
#200=ORIENTED_EDGE('',*,*,#1162,.T.);
#201=ORIENTED_EDGE('',*,*,#1163,.T.);
#202=ORIENTED_EDGE('',*,*,#1164,.F.);
#203=ORIENTED_EDGE('',*,*,#1165,.F.);
#204=ORIENTED_EDGE('',*,*,#1166,.F.);
#205=ORIENTED_EDGE('',*,*,#1167,.T.);
#206=ORIENTED_EDGE('',*,*,#1168,.F.);
#207=ORIENTED_EDGE('',*,*,#1169,.F.);
#208=ORIENTED_EDGE('',*,*,#1170,.T.);
#209=ORIENTED_EDGE('',*,*,#1171,.F.);
#210=ORIENTED_EDGE('',*,*,#1172,.T.);
#211=ORIENTED_EDGE('',*,*,#1173,.T.);
#212=ORIENTED_EDGE('',*,*,#1174,.F.);
#213=ORIENTED_EDGE('',*,*,#1175,.F.);
#214=ORIENTED_EDGE('',*,*,#1176,.T.);
#215=ORIENTED_EDGE('',*,*,#1177,.F.);
#216=ORIENTED_EDGE('',*,*,#1144,.T.);
#217=ORIENTED_EDGE('',*,*,#1178,.T.);
#218=ORIENTED_EDGE('',*,*,#1179,.T.);
#219=ORIENTED_EDGE('',*,*,#1180,.T.);
#220=ORIENTED_EDGE('',*,*,#1181,.F.);
#221=ORIENTED_EDGE('',*,*,#1182,.F.);
#222=ORIENTED_EDGE('',*,*,#1183,.T.);
#223=ORIENTED_EDGE('',*,*,#1184,.T.);
#224=ORIENTED_EDGE('',*,*,#1185,.F.);
#225=ORIENTED_EDGE('',*,*,#1186,.F.);
#226=ORIENTED_EDGE('',*,*,#1187,.T.);
#227=ORIENTED_EDGE('',*,*,#1188,.F.);
#228=ORIENTED_EDGE('',*,*,#1148,.T.);
#229=ORIENTED_EDGE('',*,*,#1189,.T.);
#230=ORIENTED_EDGE('',*,*,#1190,.T.);
#231=ORIENTED_EDGE('',*,*,#1191,.T.);
#232=ORIENTED_EDGE('',*,*,#1192,.F.);
#233=ORIENTED_EDGE('',*,*,#1193,.F.);
#234=ORIENTED_EDGE('',*,*,#1194,.F.);
#235=ORIENTED_EDGE('',*,*,#1195,.T.);
#236=ORIENTED_EDGE('',*,*,#1196,.F.);
#237=ORIENTED_EDGE('',*,*,#1197,.F.);
#238=ORIENTED_EDGE('',*,*,#1198,.T.);
#239=ORIENTED_EDGE('',*,*,#1199,.T.);
#240=ORIENTED_EDGE('',*,*,#1200,.T.);
#241=ORIENTED_EDGE('',*,*,#1201,.T.);
#242=ORIENTED_EDGE('',*,*,#1176,.F.);
#243=ORIENTED_EDGE('',*,*,#1202,.F.);
#244=ORIENTED_EDGE('',*,*,#1162,.F.);
#245=ORIENTED_EDGE('',*,*,#1203,.T.);
#246=ORIENTED_EDGE('',*,*,#1204,.T.);
#247=ORIENTED_EDGE('',*,*,#1205,.T.);
#248=ORIENTED_EDGE('',*,*,#1206,.T.);
#249=ORIENTED_EDGE('',*,*,#1187,.F.);
#250=ORIENTED_EDGE('',*,*,#1207,.F.);
#251=ORIENTED_EDGE('',*,*,#1179,.F.);
#252=ORIENTED_EDGE('',*,*,#1208,.T.);
#253=ORIENTED_EDGE('',*,*,#1209,.T.);
#254=ORIENTED_EDGE('',*,*,#1210,.T.);
#255=ORIENTED_EDGE('',*,*,#1211,.T.);
#256=ORIENTED_EDGE('',*,*,#1150,.F.);
#257=ORIENTED_EDGE('',*,*,#1212,.F.);
#258=ORIENTED_EDGE('',*,*,#1190,.F.);
#259=ORIENTED_EDGE('',*,*,#1213,.T.);
#260=ORIENTED_EDGE('',*,*,#1214,.T.);
#261=ORIENTED_EDGE('',*,*,#1215,.T.);
#262=ORIENTED_EDGE('',*,*,#1216,.T.);
#263=ORIENTED_EDGE('',*,*,#1170,.F.);
#264=ORIENTED_EDGE('',*,*,#1217,.F.);
#265=ORIENTED_EDGE('',*,*,#1153,.F.);
#266=ORIENTED_EDGE('',*,*,#1168,.T.);
#267=ORIENTED_EDGE('',*,*,#1218,.F.);
#268=ORIENTED_EDGE('',*,*,#1192,.T.);
#269=ORIENTED_EDGE('',*,*,#1219,.T.);
#270=ORIENTED_EDGE('',*,*,#1155,.T.);
#271=ORIENTED_EDGE('',*,*,#1220,.T.);
#272=ORIENTED_EDGE('',*,*,#1196,.T.);
#273=ORIENTED_EDGE('',*,*,#1221,.F.);
#274=ORIENTED_EDGE('',*,*,#1164,.T.);
#275=ORIENTED_EDGE('',*,*,#1222,.T.);
#276=ORIENTED_EDGE('',*,*,#1181,.T.);
#277=ORIENTED_EDGE('',*,*,#1223,.T.);
#278=ORIENTED_EDGE('',*,*,#1224,.T.);
#279=ORIENTED_EDGE('',*,*,#1225,.T.);
#280=ORIENTED_EDGE('',*,*,#1226,.F.);
#281=ORIENTED_EDGE('',*,*,#1132,.F.);
#282=ORIENTED_EDGE('',*,*,#1227,.F.);
#283=ORIENTED_EDGE('',*,*,#1228,.T.);
#284=ORIENTED_EDGE('',*,*,#1229,.T.);
#285=ORIENTED_EDGE('',*,*,#1230,.F.);
#286=ORIENTED_EDGE('',*,*,#1231,.F.);
#287=ORIENTED_EDGE('',*,*,#1232,.F.);
#288=ORIENTED_EDGE('',*,*,#1233,.T.);
#289=ORIENTED_EDGE('',*,*,#1234,.T.);
#290=ORIENTED_EDGE('',*,*,#1235,.F.);
#291=ORIENTED_EDGE('',*,*,#1236,.F.);
#292=ORIENTED_EDGE('',*,*,#1237,.F.);
#293=ORIENTED_EDGE('',*,*,#1238,.T.);
#294=ORIENTED_EDGE('',*,*,#1239,.T.);
#295=ORIENTED_EDGE('',*,*,#1240,.F.);
#296=ORIENTED_EDGE('',*,*,#1241,.F.);
#297=ORIENTED_EDGE('',*,*,#1242,.F.);
#298=ORIENTED_EDGE('',*,*,#1243,.F.);
#299=ORIENTED_EDGE('',*,*,#1244,.F.);
#300=ORIENTED_EDGE('',*,*,#1245,.F.);
#301=ORIENTED_EDGE('',*,*,#1246,.F.);
#302=ORIENTED_EDGE('',*,*,#1247,.T.);
#303=ORIENTED_EDGE('',*,*,#1248,.T.);
#304=ORIENTED_EDGE('',*,*,#1249,.F.);
#305=ORIENTED_EDGE('',*,*,#1130,.F.);
#306=ORIENTED_EDGE('',*,*,#1250,.F.);
#307=ORIENTED_EDGE('',*,*,#1240,.T.);
#308=ORIENTED_EDGE('',*,*,#1251,.T.);
#309=ORIENTED_EDGE('',*,*,#1224,.F.);
#310=ORIENTED_EDGE('',*,*,#1252,.T.);
#311=ORIENTED_EDGE('',*,*,#1230,.T.);
#312=ORIENTED_EDGE('',*,*,#1253,.T.);
#313=ORIENTED_EDGE('',*,*,#1233,.F.);
#314=ORIENTED_EDGE('',*,*,#1254,.F.);
#315=ORIENTED_EDGE('',*,*,#1242,.T.);
#316=ORIENTED_EDGE('',*,*,#1255,.T.);
#317=ORIENTED_EDGE('',*,*,#1248,.F.);
#318=ORIENTED_EDGE('',*,*,#1256,.T.);
#319=ORIENTED_EDGE('',*,*,#1236,.T.);
#320=ORIENTED_EDGE('',*,*,#1257,.T.);
#321=ORIENTED_EDGE('',*,*,#1258,.F.);
#322=ORIENTED_EDGE('',*,*,#1259,.F.);
#323=ORIENTED_EDGE('',*,*,#1232,.T.);
#324=ORIENTED_EDGE('',*,*,#1260,.T.);
#325=ORIENTED_EDGE('',*,*,#1246,.T.);
#326=ORIENTED_EDGE('',*,*,#1226,.T.);
#327=ORIENTED_EDGE('',*,*,#1261,.F.);
#328=ORIENTED_EDGE('',*,*,#1165,.T.);
#329=ORIENTED_EDGE('',*,*,#1221,.T.);
#330=ORIENTED_EDGE('',*,*,#1195,.F.);
#331=ORIENTED_EDGE('',*,*,#1262,.F.);
#332=ORIENTED_EDGE('',*,*,#1228,.F.);
#333=ORIENTED_EDGE('',*,*,#1259,.T.);
#334=ORIENTED_EDGE('',*,*,#1263,.F.);
#335=ORIENTED_EDGE('',*,*,#1133,.T.);
#336=ORIENTED_EDGE('',*,*,#1235,.T.);
#337=ORIENTED_EDGE('',*,*,#1264,.F.);
#338=ORIENTED_EDGE('',*,*,#1193,.T.);
#339=ORIENTED_EDGE('',*,*,#1218,.T.);
#340=ORIENTED_EDGE('',*,*,#1167,.F.);
#341=ORIENTED_EDGE('',*,*,#1265,.F.);
#342=ORIENTED_EDGE('',*,*,#1238,.F.);
#343=ORIENTED_EDGE('',*,*,#1257,.F.);
#344=ORIENTED_EDGE('',*,*,#1237,.T.);
#345=ORIENTED_EDGE('',*,*,#1256,.F.);
#346=ORIENTED_EDGE('',*,*,#1247,.F.);
#347=ORIENTED_EDGE('',*,*,#1260,.F.);
#348=ORIENTED_EDGE('',*,*,#1231,.T.);
#349=ORIENTED_EDGE('',*,*,#1254,.T.);
#350=ORIENTED_EDGE('',*,*,#1241,.T.);
#351=ORIENTED_EDGE('',*,*,#1252,.F.);
#352=ORIENTED_EDGE('',*,*,#1227,.T.);
#353=ORIENTED_EDGE('',*,*,#1131,.F.);
#354=ORIENTED_EDGE('',*,*,#1249,.T.);
#355=ORIENTED_EDGE('',*,*,#1255,.F.);
#356=ORIENTED_EDGE('',*,*,#1222,.F.);
#357=ORIENTED_EDGE('',*,*,#1163,.F.);
#358=ORIENTED_EDGE('',*,*,#1202,.T.);
#359=ORIENTED_EDGE('',*,*,#1182,.T.);
#360=ORIENTED_EDGE('',*,*,#1223,.F.);
#361=ORIENTED_EDGE('',*,*,#1180,.F.);
#362=ORIENTED_EDGE('',*,*,#1207,.T.);
#363=ORIENTED_EDGE('',*,*,#1197,.T.);
#364=ORIENTED_EDGE('',*,*,#1219,.F.);
#365=ORIENTED_EDGE('',*,*,#1191,.F.);
#366=ORIENTED_EDGE('',*,*,#1212,.T.);
#367=ORIENTED_EDGE('',*,*,#1156,.T.);
#368=ORIENTED_EDGE('',*,*,#1220,.F.);
#369=ORIENTED_EDGE('',*,*,#1154,.F.);
#370=ORIENTED_EDGE('',*,*,#1217,.T.);
#371=ORIENTED_EDGE('',*,*,#1169,.T.);
#372=ORIENTED_EDGE('',*,*,#1229,.F.);
#373=ORIENTED_EDGE('',*,*,#1262,.T.);
#374=ORIENTED_EDGE('',*,*,#1194,.T.);
#375=ORIENTED_EDGE('',*,*,#1264,.T.);
#376=ORIENTED_EDGE('',*,*,#1234,.F.);
#377=ORIENTED_EDGE('',*,*,#1253,.F.);
#378=ORIENTED_EDGE('',*,*,#1225,.F.);
#379=ORIENTED_EDGE('',*,*,#1251,.F.);
#380=ORIENTED_EDGE('',*,*,#1239,.F.);
#381=ORIENTED_EDGE('',*,*,#1265,.T.);
#382=ORIENTED_EDGE('',*,*,#1166,.T.);
#383=ORIENTED_EDGE('',*,*,#1261,.T.);
#384=ORIENTED_EDGE('',*,*,#1198,.F.);
#385=ORIENTED_EDGE('',*,*,#1161,.F.);
#386=ORIENTED_EDGE('',*,*,#1139,.T.);
#387=ORIENTED_EDGE('',*,*,#1266,.T.);
#388=ORIENTED_EDGE('',*,*,#1199,.F.);
#389=ORIENTED_EDGE('',*,*,#1266,.F.);
#390=ORIENTED_EDGE('',*,*,#1138,.T.);
#391=ORIENTED_EDGE('',*,*,#1267,.T.);
#392=ORIENTED_EDGE('',*,*,#1215,.F.);
#393=ORIENTED_EDGE('',*,*,#1268,.F.);
#394=ORIENTED_EDGE('',*,*,#1269,.T.);
#395=ORIENTED_EDGE('',*,*,#1270,.T.);
#396=ORIENTED_EDGE('',*,*,#1200,.F.);
#397=ORIENTED_EDGE('',*,*,#1270,.F.);
#398=ORIENTED_EDGE('',*,*,#1271,.T.);
#399=ORIENTED_EDGE('',*,*,#1272,.T.);
#400=ORIENTED_EDGE('',*,*,#1204,.F.);
#401=ORIENTED_EDGE('',*,*,#1273,.F.);
#402=ORIENTED_EDGE('',*,*,#1142,.T.);
#403=ORIENTED_EDGE('',*,*,#1274,.T.);
#404=ORIENTED_EDGE('',*,*,#1201,.F.);
#405=ORIENTED_EDGE('',*,*,#1274,.F.);
#406=ORIENTED_EDGE('',*,*,#1145,.T.);
#407=ORIENTED_EDGE('',*,*,#1177,.T.);
#408=ORIENTED_EDGE('',*,*,#1203,.F.);
#409=ORIENTED_EDGE('',*,*,#1178,.F.);
#410=ORIENTED_EDGE('',*,*,#1143,.T.);
#411=ORIENTED_EDGE('',*,*,#1273,.T.);
#412=ORIENTED_EDGE('',*,*,#1205,.F.);
#413=ORIENTED_EDGE('',*,*,#1272,.F.);
#414=ORIENTED_EDGE('',*,*,#1275,.T.);
#415=ORIENTED_EDGE('',*,*,#1276,.T.);
#416=ORIENTED_EDGE('',*,*,#1209,.F.);
#417=ORIENTED_EDGE('',*,*,#1277,.F.);
#418=ORIENTED_EDGE('',*,*,#1146,.T.);
#419=ORIENTED_EDGE('',*,*,#1278,.T.);
#420=ORIENTED_EDGE('',*,*,#1206,.F.);
#421=ORIENTED_EDGE('',*,*,#1278,.F.);
#422=ORIENTED_EDGE('',*,*,#1149,.T.);
#423=ORIENTED_EDGE('',*,*,#1188,.T.);
#424=ORIENTED_EDGE('',*,*,#1208,.F.);
#425=ORIENTED_EDGE('',*,*,#1189,.F.);
#426=ORIENTED_EDGE('',*,*,#1147,.T.);
#427=ORIENTED_EDGE('',*,*,#1277,.T.);
#428=ORIENTED_EDGE('',*,*,#1210,.F.);
#429=ORIENTED_EDGE('',*,*,#1276,.F.);
#430=ORIENTED_EDGE('',*,*,#1279,.T.);
#431=ORIENTED_EDGE('',*,*,#1268,.T.);
#432=ORIENTED_EDGE('',*,*,#1214,.F.);
#433=ORIENTED_EDGE('',*,*,#1280,.F.);
#434=ORIENTED_EDGE('',*,*,#1134,.T.);
#435=ORIENTED_EDGE('',*,*,#1281,.T.);
#436=ORIENTED_EDGE('',*,*,#1211,.F.);
#437=ORIENTED_EDGE('',*,*,#1281,.F.);
#438=ORIENTED_EDGE('',*,*,#1137,.T.);
#439=ORIENTED_EDGE('',*,*,#1151,.T.);
#440=ORIENTED_EDGE('',*,*,#1213,.F.);
#441=ORIENTED_EDGE('',*,*,#1152,.F.);
#442=ORIENTED_EDGE('',*,*,#1135,.T.);
#443=ORIENTED_EDGE('',*,*,#1280,.T.);
#444=ORIENTED_EDGE('',*,*,#1216,.F.);
#445=ORIENTED_EDGE('',*,*,#1267,.F.);
#446=ORIENTED_EDGE('',*,*,#1141,.T.);
#447=ORIENTED_EDGE('',*,*,#1171,.T.);
#448=ORIENTED_EDGE('',*,*,#1282,.F.);
#449=ORIENTED_EDGE('',*,*,#1173,.F.);
#450=ORIENTED_EDGE('',*,*,#1283,.T.);
#451=ORIENTED_EDGE('',*,*,#1284,.T.);
#452=ORIENTED_EDGE('',*,*,#1285,.F.);
#453=ORIENTED_EDGE('',*,*,#1284,.F.);
#454=ORIENTED_EDGE('',*,*,#1286,.T.);
#455=ORIENTED_EDGE('',*,*,#1287,.T.);
#456=ORIENTED_EDGE('',*,*,#1288,.F.);
#457=ORIENTED_EDGE('',*,*,#1287,.F.);
#458=ORIENTED_EDGE('',*,*,#1289,.T.);
#459=ORIENTED_EDGE('',*,*,#1175,.T.);
#460=ORIENTED_EDGE('',*,*,#1172,.F.);
#461=ORIENTED_EDGE('',*,*,#1289,.F.);
#462=ORIENTED_EDGE('',*,*,#1286,.F.);
#463=ORIENTED_EDGE('',*,*,#1283,.F.);
#464=ORIENTED_EDGE('',*,*,#1174,.T.);
#465=ORIENTED_EDGE('',*,*,#1282,.T.);
#466=ORIENTED_EDGE('',*,*,#1285,.T.);
#467=ORIENTED_EDGE('',*,*,#1288,.T.);
#468=ORIENTED_EDGE('',*,*,#1290,.F.);
#469=ORIENTED_EDGE('',*,*,#1291,.F.);
#470=ORIENTED_EDGE('',*,*,#1292,.T.);
#471=ORIENTED_EDGE('',*,*,#1157,.T.);
#472=ORIENTED_EDGE('',*,*,#1293,.F.);
#473=ORIENTED_EDGE('',*,*,#1159,.F.);
#474=ORIENTED_EDGE('',*,*,#1294,.T.);
#475=ORIENTED_EDGE('',*,*,#1295,.T.);
#476=ORIENTED_EDGE('',*,*,#1296,.F.);
#477=ORIENTED_EDGE('',*,*,#1295,.F.);
#478=ORIENTED_EDGE('',*,*,#1297,.T.);
#479=ORIENTED_EDGE('',*,*,#1291,.T.);
#480=ORIENTED_EDGE('',*,*,#1292,.F.);
#481=ORIENTED_EDGE('',*,*,#1297,.F.);
#482=ORIENTED_EDGE('',*,*,#1294,.F.);
#483=ORIENTED_EDGE('',*,*,#1158,.F.);
#484=ORIENTED_EDGE('',*,*,#1290,.T.);
#485=ORIENTED_EDGE('',*,*,#1160,.T.);
#486=ORIENTED_EDGE('',*,*,#1293,.T.);
#487=ORIENTED_EDGE('',*,*,#1296,.T.);
#488=ORIENTED_EDGE('',*,*,#1298,.F.);
#489=ORIENTED_EDGE('',*,*,#1184,.F.);
#490=ORIENTED_EDGE('',*,*,#1299,.T.);
#491=ORIENTED_EDGE('',*,*,#1300,.T.);
#492=ORIENTED_EDGE('',*,*,#1301,.F.);
#493=ORIENTED_EDGE('',*,*,#1300,.F.);
#494=ORIENTED_EDGE('',*,*,#1302,.T.);
#495=ORIENTED_EDGE('',*,*,#1303,.T.);
#496=ORIENTED_EDGE('',*,*,#1304,.F.);
#497=ORIENTED_EDGE('',*,*,#1303,.F.);
#498=ORIENTED_EDGE('',*,*,#1305,.T.);
#499=ORIENTED_EDGE('',*,*,#1186,.T.);
#500=ORIENTED_EDGE('',*,*,#1183,.F.);
#501=ORIENTED_EDGE('',*,*,#1305,.F.);
#502=ORIENTED_EDGE('',*,*,#1302,.F.);
#503=ORIENTED_EDGE('',*,*,#1299,.F.);
#504=ORIENTED_EDGE('',*,*,#1185,.T.);
#505=ORIENTED_EDGE('',*,*,#1298,.T.);
#506=ORIENTED_EDGE('',*,*,#1301,.T.);
#507=ORIENTED_EDGE('',*,*,#1304,.T.);
#508=ORIENTED_EDGE('',*,*,#1279,.F.);
#509=ORIENTED_EDGE('',*,*,#1275,.F.);
#510=ORIENTED_EDGE('',*,*,#1271,.F.);
#511=ORIENTED_EDGE('',*,*,#1269,.F.);
#512=ORIENTED_EDGE('',*,*,#1306,.F.);
#513=ORIENTED_EDGE('',*,*,#1250,.T.);
#514=ORIENTED_EDGE('',*,*,#1306,.T.);
#515=ORIENTED_EDGE('',*,*,#1244,.T.);
#516=ORIENTED_EDGE('',*,*,#1307,.F.);
#517=ORIENTED_EDGE('',*,*,#1308,.F.);
#518=ORIENTED_EDGE('',*,*,#1309,.T.);
#519=ORIENTED_EDGE('',*,*,#1129,.T.);
#520=ORIENTED_EDGE('',*,*,#1310,.F.);
#521=ORIENTED_EDGE('',*,*,#1307,.T.);
#522=ORIENTED_EDGE('',*,*,#1243,.T.);
#523=ORIENTED_EDGE('',*,*,#1258,.T.);
#524=ORIENTED_EDGE('',*,*,#1245,.T.);
#525=ORIENTED_EDGE('',*,*,#1309,.F.);
#526=ORIENTED_EDGE('',*,*,#1311,.F.);
#527=ORIENTED_EDGE('',*,*,#1308,.T.);
#528=ORIENTED_EDGE('',*,*,#1310,.T.);
#529=ORIENTED_EDGE('',*,*,#1263,.T.);
#530=ORIENTED_EDGE('',*,*,#1311,.T.);
#531=ORIENTED_EDGE('',*,*,#1312,.F.);
#532=ORIENTED_EDGE('',*,*,#1313,.F.);
#533=ORIENTED_EDGE('',*,*,#1314,.T.);
#534=ORIENTED_EDGE('',*,*,#1315,.T.);
#535=ORIENTED_EDGE('',*,*,#1316,.F.);
#536=ORIENTED_EDGE('',*,*,#1315,.F.);
#537=ORIENTED_EDGE('',*,*,#1317,.T.);
#538=ORIENTED_EDGE('',*,*,#1318,.T.);
#539=ORIENTED_EDGE('',*,*,#1319,.F.);
#540=ORIENTED_EDGE('',*,*,#1318,.F.);
#541=ORIENTED_EDGE('',*,*,#1320,.T.);
#542=ORIENTED_EDGE('',*,*,#1321,.T.);
#543=ORIENTED_EDGE('',*,*,#1322,.F.);
#544=ORIENTED_EDGE('',*,*,#1321,.F.);
#545=ORIENTED_EDGE('',*,*,#1323,.T.);
#546=ORIENTED_EDGE('',*,*,#1313,.T.);
#547=ORIENTED_EDGE('',*,*,#1324,.T.);
#548=ORIENTED_EDGE('',*,*,#1325,.T.);
#549=ORIENTED_EDGE('',*,*,#1326,.T.);
#550=ORIENTED_EDGE('',*,*,#1327,.T.);
#551=ORIENTED_EDGE('',*,*,#1328,.T.);
#552=ORIENTED_EDGE('',*,*,#1329,.T.);
#553=ORIENTED_EDGE('',*,*,#1314,.F.);
#554=ORIENTED_EDGE('',*,*,#1323,.F.);
#555=ORIENTED_EDGE('',*,*,#1320,.F.);
#556=ORIENTED_EDGE('',*,*,#1317,.F.);
#557=ORIENTED_EDGE('',*,*,#1312,.T.);
#558=ORIENTED_EDGE('',*,*,#1316,.T.);
#559=ORIENTED_EDGE('',*,*,#1319,.T.);
#560=ORIENTED_EDGE('',*,*,#1322,.T.);
#561=ORIENTED_EDGE('',*,*,#1330,.F.);
#562=ORIENTED_EDGE('',*,*,#1329,.F.);
#563=ORIENTED_EDGE('',*,*,#1331,.F.);
#564=ORIENTED_EDGE('',*,*,#1328,.F.);
#565=ORIENTED_EDGE('',*,*,#1332,.F.);
#566=ORIENTED_EDGE('',*,*,#1327,.F.);
#567=ORIENTED_EDGE('',*,*,#1331,.T.);
#568=ORIENTED_EDGE('',*,*,#1333,.F.);
#569=ORIENTED_EDGE('',*,*,#1332,.T.);
#570=ORIENTED_EDGE('',*,*,#1334,.F.);
#571=ORIENTED_EDGE('',*,*,#1330,.T.);
#572=ORIENTED_EDGE('',*,*,#1335,.F.);
#573=ORIENTED_EDGE('',*,*,#1336,.F.);
#574=ORIENTED_EDGE('',*,*,#1333,.T.);
#575=ORIENTED_EDGE('',*,*,#1336,.T.);
#576=ORIENTED_EDGE('',*,*,#1337,.F.);
#577=ORIENTED_EDGE('',*,*,#1334,.T.);
#578=ORIENTED_EDGE('',*,*,#1337,.T.);
#579=ORIENTED_EDGE('',*,*,#1338,.F.);
#580=ORIENTED_EDGE('',*,*,#1335,.T.);
#581=ORIENTED_EDGE('',*,*,#1338,.T.);
#582=ORIENTED_EDGE('',*,*,#1339,.F.);
#583=ORIENTED_EDGE('',*,*,#1326,.F.);
#584=ORIENTED_EDGE('',*,*,#1340,.F.);
#585=ORIENTED_EDGE('',*,*,#1325,.F.);
#586=ORIENTED_EDGE('',*,*,#1341,.F.);
#587=ORIENTED_EDGE('',*,*,#1324,.F.);
#588=ORIENTED_EDGE('',*,*,#1340,.T.);
#589=ORIENTED_EDGE('',*,*,#1342,.F.);
#590=ORIENTED_EDGE('',*,*,#1341,.T.);
#591=ORIENTED_EDGE('',*,*,#1343,.F.);
#592=ORIENTED_EDGE('',*,*,#1339,.T.);
#593=ORIENTED_EDGE('',*,*,#1344,.F.);
#594=ORIENTED_EDGE('',*,*,#1345,.F.);
#595=ORIENTED_EDGE('',*,*,#1342,.T.);
#596=ORIENTED_EDGE('',*,*,#1345,.T.);
#597=ORIENTED_EDGE('',*,*,#1346,.F.);
#598=ORIENTED_EDGE('',*,*,#1343,.T.);
#599=ORIENTED_EDGE('',*,*,#1346,.T.);
#600=ORIENTED_EDGE('',*,*,#1347,.F.);
#601=ORIENTED_EDGE('',*,*,#1344,.T.);
#602=ORIENTED_EDGE('',*,*,#1347,.T.);
#603=ORIENTED_EDGE('',*,*,#1348,.T.);
#604=ORIENTED_EDGE('',*,*,#1349,.F.);
#605=ORIENTED_EDGE('',*,*,#1350,.T.);
#606=ORIENTED_EDGE('',*,*,#1351,.F.);
#607=ORIENTED_EDGE('',*,*,#1352,.T.);
#608=ORIENTED_EDGE('',*,*,#1353,.T.);
#609=ORIENTED_EDGE('',*,*,#1354,.T.);
#610=ORIENTED_EDGE('',*,*,#1355,.T.);
#611=ORIENTED_EDGE('',*,*,#1356,.T.);
#612=ORIENTED_EDGE('',*,*,#1357,.F.);
#613=ORIENTED_EDGE('',*,*,#1358,.T.);
#614=ORIENTED_EDGE('',*,*,#1359,.F.);
#615=ORIENTED_EDGE('',*,*,#1360,.F.);
#616=ORIENTED_EDGE('',*,*,#1361,.F.);
#617=ORIENTED_EDGE('',*,*,#1362,.F.);
#618=ORIENTED_EDGE('',*,*,#1363,.F.);
#619=ORIENTED_EDGE('',*,*,#1364,.T.);
#620=ORIENTED_EDGE('',*,*,#1365,.F.);
#621=ORIENTED_EDGE('',*,*,#1366,.T.);
#622=ORIENTED_EDGE('',*,*,#1367,.T.);
#623=ORIENTED_EDGE('',*,*,#1368,.T.);
#624=ORIENTED_EDGE('',*,*,#1369,.F.);
#625=ORIENTED_EDGE('',*,*,#1370,.T.);
#626=ORIENTED_EDGE('',*,*,#1371,.F.);
#627=ORIENTED_EDGE('',*,*,#1372,.F.);
#628=ORIENTED_EDGE('',*,*,#1373,.F.);
#629=ORIENTED_EDGE('',*,*,#1374,.F.);
#630=ORIENTED_EDGE('',*,*,#1375,.F.);
#631=ORIENTED_EDGE('',*,*,#1376,.T.);
#632=ORIENTED_EDGE('',*,*,#1377,.F.);
#633=ORIENTED_EDGE('',*,*,#1378,.T.);
#634=ORIENTED_EDGE('',*,*,#1379,.F.);
#635=ORIENTED_EDGE('',*,*,#1380,.F.);
#636=ORIENTED_EDGE('',*,*,#1381,.T.);
#637=ORIENTED_EDGE('',*,*,#1382,.T.);
#638=ORIENTED_EDGE('',*,*,#1383,.F.);
#639=ORIENTED_EDGE('',*,*,#1384,.F.);
#640=ORIENTED_EDGE('',*,*,#1385,.T.);
#641=ORIENTED_EDGE('',*,*,#1386,.T.);
#642=ORIENTED_EDGE('',*,*,#1387,.F.);
#643=ORIENTED_EDGE('',*,*,#1388,.F.);
#644=ORIENTED_EDGE('',*,*,#1383,.T.);
#645=ORIENTED_EDGE('',*,*,#1389,.T.);
#646=ORIENTED_EDGE('',*,*,#1390,.F.);
#647=ORIENTED_EDGE('',*,*,#1391,.F.);
#648=ORIENTED_EDGE('',*,*,#1390,.T.);
#649=ORIENTED_EDGE('',*,*,#1392,.T.);
#650=ORIENTED_EDGE('',*,*,#1385,.F.);
#651=ORIENTED_EDGE('',*,*,#1373,.T.);
#652=ORIENTED_EDGE('',*,*,#1393,.T.);
#653=ORIENTED_EDGE('',*,*,#1394,.F.);
#654=ORIENTED_EDGE('',*,*,#1395,.T.);
#655=ORIENTED_EDGE('',*,*,#1348,.F.);
#656=ORIENTED_EDGE('',*,*,#1396,.T.);
#657=ORIENTED_EDGE('',*,*,#1397,.F.);
#658=ORIENTED_EDGE('',*,*,#1398,.F.);
#659=ORIENTED_EDGE('',*,*,#1399,.F.);
#660=ORIENTED_EDGE('',*,*,#1400,.F.);
#661=ORIENTED_EDGE('',*,*,#1401,.F.);
#662=ORIENTED_EDGE('',*,*,#1402,.T.);
#663=ORIENTED_EDGE('',*,*,#1403,.F.);
#664=ORIENTED_EDGE('',*,*,#1404,.F.);
#665=ORIENTED_EDGE('',*,*,#1405,.F.);
#666=ORIENTED_EDGE('',*,*,#1406,.F.);
#667=ORIENTED_EDGE('',*,*,#1407,.F.);
#668=ORIENTED_EDGE('',*,*,#1408,.T.);
#669=ORIENTED_EDGE('',*,*,#1379,.T.);
#670=ORIENTED_EDGE('',*,*,#1409,.F.);
#671=ORIENTED_EDGE('',*,*,#1410,.F.);
#672=ORIENTED_EDGE('',*,*,#1411,.F.);
#673=ORIENTED_EDGE('',*,*,#1412,.F.);
#674=ORIENTED_EDGE('',*,*,#1413,.F.);
#675=ORIENTED_EDGE('',*,*,#1414,.F.);
#676=ORIENTED_EDGE('',*,*,#1415,.F.);
#677=ORIENTED_EDGE('',*,*,#1350,.F.);
#678=ORIENTED_EDGE('',*,*,#1416,.T.);
#679=ORIENTED_EDGE('',*,*,#1417,.F.);
#680=ORIENTED_EDGE('',*,*,#1418,.F.);
#681=ORIENTED_EDGE('',*,*,#1419,.F.);
#682=ORIENTED_EDGE('',*,*,#1420,.F.);
#683=ORIENTED_EDGE('',*,*,#1357,.T.);
#684=ORIENTED_EDGE('',*,*,#1421,.T.);
#685=ORIENTED_EDGE('',*,*,#1422,.F.);
#686=ORIENTED_EDGE('',*,*,#1423,.T.);
#687=ORIENTED_EDGE('',*,*,#1364,.F.);
#688=ORIENTED_EDGE('',*,*,#1424,.T.);
#689=ORIENTED_EDGE('',*,*,#1425,.F.);
#690=ORIENTED_EDGE('',*,*,#1426,.F.);
#691=ORIENTED_EDGE('',*,*,#1427,.F.);
#692=ORIENTED_EDGE('',*,*,#1428,.F.);
#693=ORIENTED_EDGE('',*,*,#1429,.F.);
#694=ORIENTED_EDGE('',*,*,#1430,.T.);
#695=ORIENTED_EDGE('',*,*,#1431,.F.);
#696=ORIENTED_EDGE('',*,*,#1432,.F.);
#697=ORIENTED_EDGE('',*,*,#1433,.F.);
#698=ORIENTED_EDGE('',*,*,#1434,.F.);
#699=ORIENTED_EDGE('',*,*,#1435,.F.);
#700=ORIENTED_EDGE('',*,*,#1436,.T.);
#701=ORIENTED_EDGE('',*,*,#1363,.T.);
#702=ORIENTED_EDGE('',*,*,#1437,.F.);
#703=ORIENTED_EDGE('',*,*,#1438,.F.);
#704=ORIENTED_EDGE('',*,*,#1439,.F.);
#705=ORIENTED_EDGE('',*,*,#1440,.F.);
#706=ORIENTED_EDGE('',*,*,#1441,.F.);
#707=ORIENTED_EDGE('',*,*,#1442,.F.);
#708=ORIENTED_EDGE('',*,*,#1443,.F.);
#709=ORIENTED_EDGE('',*,*,#1366,.F.);
#710=ORIENTED_EDGE('',*,*,#1444,.T.);
#711=ORIENTED_EDGE('',*,*,#1445,.F.);
#712=ORIENTED_EDGE('',*,*,#1446,.F.);
#713=ORIENTED_EDGE('',*,*,#1447,.F.);
#714=ORIENTED_EDGE('',*,*,#1448,.F.);
#715=ORIENTED_EDGE('',*,*,#1449,.T.);
#716=ORIENTED_EDGE('',*,*,#1450,.T.);
#717=ORIENTED_EDGE('',*,*,#1396,.F.);
#718=ORIENTED_EDGE('',*,*,#1355,.F.);
#719=ORIENTED_EDGE('',*,*,#1443,.T.);
#720=ORIENTED_EDGE('',*,*,#1451,.T.);
#721=ORIENTED_EDGE('',*,*,#1452,.F.);
#722=ORIENTED_EDGE('',*,*,#1367,.F.);
#723=ORIENTED_EDGE('',*,*,#1453,.F.);
#724=ORIENTED_EDGE('',*,*,#1454,.T.);
#725=ORIENTED_EDGE('',*,*,#1409,.T.);
#726=ORIENTED_EDGE('',*,*,#1378,.F.);
#727=ORIENTED_EDGE('',*,*,#1415,.T.);
#728=ORIENTED_EDGE('',*,*,#1455,.T.);
#729=ORIENTED_EDGE('',*,*,#1456,.F.);
#730=ORIENTED_EDGE('',*,*,#1351,.T.);
#731=ORIENTED_EDGE('',*,*,#1430,.F.);
#732=ORIENTED_EDGE('',*,*,#1457,.T.);
#733=ORIENTED_EDGE('',*,*,#1458,.T.);
#734=ORIENTED_EDGE('',*,*,#1358,.F.);
#735=ORIENTED_EDGE('',*,*,#1459,.T.);
#736=ORIENTED_EDGE('',*,*,#1460,.T.);
#737=ORIENTED_EDGE('',*,*,#1424,.F.);
#738=ORIENTED_EDGE('',*,*,#1371,.T.);
#739=ORIENTED_EDGE('',*,*,#1461,.T.);
#740=ORIENTED_EDGE('',*,*,#1462,.T.);
#741=ORIENTED_EDGE('',*,*,#1463,.T.);
#742=ORIENTED_EDGE('',*,*,#1464,.F.);
#743=ORIENTED_EDGE('',*,*,#1387,.T.);
#744=ORIENTED_EDGE('',*,*,#1465,.T.);
#745=ORIENTED_EDGE('',*,*,#1352,.F.);
#746=ORIENTED_EDGE('',*,*,#1456,.T.);
#747=ORIENTED_EDGE('',*,*,#1466,.F.);
#748=ORIENTED_EDGE('',*,*,#1467,.F.);
#749=ORIENTED_EDGE('',*,*,#1468,.F.);
#750=ORIENTED_EDGE('',*,*,#1453,.T.);
#751=ORIENTED_EDGE('',*,*,#1377,.T.);
#752=ORIENTED_EDGE('',*,*,#1469,.T.);
#753=ORIENTED_EDGE('',*,*,#1470,.T.);
#754=ORIENTED_EDGE('',*,*,#1471,.F.);
#755=ORIENTED_EDGE('',*,*,#1359,.T.);
#756=ORIENTED_EDGE('',*,*,#1458,.F.);
#757=ORIENTED_EDGE('',*,*,#1472,.F.);
#758=ORIENTED_EDGE('',*,*,#1473,.F.);
#759=ORIENTED_EDGE('',*,*,#1474,.F.);
#760=ORIENTED_EDGE('',*,*,#1459,.F.);
#761=ORIENTED_EDGE('',*,*,#1370,.F.);
#762=ORIENTED_EDGE('',*,*,#1475,.F.);
#763=ORIENTED_EDGE('',*,*,#1476,.F.);
#764=ORIENTED_EDGE('',*,*,#1477,.T.);
#765=ORIENTED_EDGE('',*,*,#1437,.T.);
#766=ORIENTED_EDGE('',*,*,#1362,.T.);
#767=ORIENTED_EDGE('',*,*,#1478,.F.);
#768=ORIENTED_EDGE('',*,*,#1479,.T.);
#769=ORIENTED_EDGE('',*,*,#1480,.F.);
#770=ORIENTED_EDGE('',*,*,#1481,.F.);
#771=ORIENTED_EDGE('',*,*,#1482,.F.);
#772=ORIENTED_EDGE('',*,*,#1483,.T.);
#773=ORIENTED_EDGE('',*,*,#1484,.T.);
#774=ORIENTED_EDGE('',*,*,#1485,.F.);
#775=ORIENTED_EDGE('',*,*,#1486,.T.);
#776=ORIENTED_EDGE('',*,*,#1487,.T.);
#777=ORIENTED_EDGE('',*,*,#1449,.F.);
#778=ORIENTED_EDGE('',*,*,#1354,.F.);
#779=ORIENTED_EDGE('',*,*,#1381,.F.);
#780=ORIENTED_EDGE('',*,*,#1488,.F.);
#781=ORIENTED_EDGE('',*,*,#1489,.F.);
#782=ORIENTED_EDGE('',*,*,#1368,.F.);
#783=ORIENTED_EDGE('',*,*,#1452,.T.);
#784=ORIENTED_EDGE('',*,*,#1490,.T.);
#785=ORIENTED_EDGE('',*,*,#1491,.T.);
#786=ORIENTED_EDGE('',*,*,#1492,.T.);
#787=ORIENTED_EDGE('',*,*,#1476,.T.);
#788=ORIENTED_EDGE('',*,*,#1361,.T.);
#789=ORIENTED_EDGE('',*,*,#1493,.T.);
#790=ORIENTED_EDGE('',*,*,#1375,.T.);
#791=ORIENTED_EDGE('',*,*,#1494,.F.);
#792=ORIENTED_EDGE('',*,*,#1495,.T.);
#793=ORIENTED_EDGE('',*,*,#1402,.F.);
#794=ORIENTED_EDGE('',*,*,#1496,.T.);
#795=ORIENTED_EDGE('',*,*,#1494,.T.);
#796=ORIENTED_EDGE('',*,*,#1374,.T.);
#797=ORIENTED_EDGE('',*,*,#1460,.F.);
#798=ORIENTED_EDGE('',*,*,#1474,.T.);
#799=ORIENTED_EDGE('',*,*,#1497,.F.);
#800=ORIENTED_EDGE('',*,*,#1490,.F.);
#801=ORIENTED_EDGE('',*,*,#1451,.F.);
#802=ORIENTED_EDGE('',*,*,#1442,.T.);
#803=ORIENTED_EDGE('',*,*,#1498,.T.);
#804=ORIENTED_EDGE('',*,*,#1425,.T.);
#805=ORIENTED_EDGE('',*,*,#1429,.T.);
#806=ORIENTED_EDGE('',*,*,#1499,.F.);
#807=ORIENTED_EDGE('',*,*,#1438,.T.);
#808=ORIENTED_EDGE('',*,*,#1477,.F.);
#809=ORIENTED_EDGE('',*,*,#1492,.F.);
#810=ORIENTED_EDGE('',*,*,#1500,.T.);
#811=ORIENTED_EDGE('',*,*,#1472,.T.);
#812=ORIENTED_EDGE('',*,*,#1457,.F.);
#813=ORIENTED_EDGE('',*,*,#1428,.T.);
#814=ORIENTED_EDGE('',*,*,#1501,.F.);
#815=ORIENTED_EDGE('',*,*,#1439,.T.);
#816=ORIENTED_EDGE('',*,*,#1499,.T.);
#817=ORIENTED_EDGE('',*,*,#1427,.T.);
#818=ORIENTED_EDGE('',*,*,#1502,.F.);
#819=ORIENTED_EDGE('',*,*,#1440,.T.);
#820=ORIENTED_EDGE('',*,*,#1501,.T.);
#821=ORIENTED_EDGE('',*,*,#1426,.T.);
#822=ORIENTED_EDGE('',*,*,#1498,.F.);
#823=ORIENTED_EDGE('',*,*,#1441,.T.);
#824=ORIENTED_EDGE('',*,*,#1502,.T.);
#825=ORIENTED_EDGE('',*,*,#1398,.T.);
#826=ORIENTED_EDGE('',*,*,#1503,.F.);
#827=ORIENTED_EDGE('',*,*,#1413,.T.);
#828=ORIENTED_EDGE('',*,*,#1504,.T.);
#829=ORIENTED_EDGE('',*,*,#1399,.T.);
#830=ORIENTED_EDGE('',*,*,#1504,.F.);
#831=ORIENTED_EDGE('',*,*,#1412,.T.);
#832=ORIENTED_EDGE('',*,*,#1505,.T.);
#833=ORIENTED_EDGE('',*,*,#1400,.T.);
#834=ORIENTED_EDGE('',*,*,#1505,.F.);
#835=ORIENTED_EDGE('',*,*,#1411,.T.);
#836=ORIENTED_EDGE('',*,*,#1506,.T.);
#837=ORIENTED_EDGE('',*,*,#1401,.T.);
#838=ORIENTED_EDGE('',*,*,#1506,.F.);
#839=ORIENTED_EDGE('',*,*,#1410,.T.);
#840=ORIENTED_EDGE('',*,*,#1454,.F.);
#841=ORIENTED_EDGE('',*,*,#1468,.T.);
#842=ORIENTED_EDGE('',*,*,#1507,.F.);
#843=ORIENTED_EDGE('',*,*,#1495,.F.);
#844=ORIENTED_EDGE('',*,*,#1496,.F.);
#845=ORIENTED_EDGE('',*,*,#1397,.T.);
#846=ORIENTED_EDGE('',*,*,#1450,.F.);
#847=ORIENTED_EDGE('',*,*,#1487,.F.);
#848=ORIENTED_EDGE('',*,*,#1508,.T.);
#849=ORIENTED_EDGE('',*,*,#1466,.T.);
#850=ORIENTED_EDGE('',*,*,#1455,.F.);
#851=ORIENTED_EDGE('',*,*,#1414,.T.);
#852=ORIENTED_EDGE('',*,*,#1503,.T.);
#853=ORIENTED_EDGE('',*,*,#1473,.T.);
#854=ORIENTED_EDGE('',*,*,#1500,.F.);
#855=ORIENTED_EDGE('',*,*,#1491,.F.);
#856=ORIENTED_EDGE('',*,*,#1497,.T.);
#857=ORIENTED_EDGE('',*,*,#1467,.T.);
#858=ORIENTED_EDGE('',*,*,#1508,.F.);
#859=ORIENTED_EDGE('',*,*,#1486,.F.);
#860=ORIENTED_EDGE('',*,*,#1507,.T.);
#861=ORIENTED_EDGE('',*,*,#1434,.T.);
#862=ORIENTED_EDGE('',*,*,#1509,.F.);
#863=ORIENTED_EDGE('',*,*,#1446,.T.);
#864=ORIENTED_EDGE('',*,*,#1510,.T.);
#865=ORIENTED_EDGE('',*,*,#1433,.T.);
#866=ORIENTED_EDGE('',*,*,#1511,.F.);
#867=ORIENTED_EDGE('',*,*,#1447,.T.);
#868=ORIENTED_EDGE('',*,*,#1509,.T.);
#869=ORIENTED_EDGE('',*,*,#1432,.T.);
#870=ORIENTED_EDGE('',*,*,#1512,.F.);
#871=ORIENTED_EDGE('',*,*,#1448,.T.);
#872=ORIENTED_EDGE('',*,*,#1511,.T.);
#873=ORIENTED_EDGE('',*,*,#1431,.T.);
#874=ORIENTED_EDGE('',*,*,#1510,.F.);
#875=ORIENTED_EDGE('',*,*,#1445,.T.);
#876=ORIENTED_EDGE('',*,*,#1512,.T.);
#877=ORIENTED_EDGE('',*,*,#1403,.T.);
#878=ORIENTED_EDGE('',*,*,#1513,.F.);
#879=ORIENTED_EDGE('',*,*,#1417,.T.);
#880=ORIENTED_EDGE('',*,*,#1514,.T.);
#881=ORIENTED_EDGE('',*,*,#1404,.T.);
#882=ORIENTED_EDGE('',*,*,#1514,.F.);
#883=ORIENTED_EDGE('',*,*,#1420,.T.);
#884=ORIENTED_EDGE('',*,*,#1515,.T.);
#885=ORIENTED_EDGE('',*,*,#1405,.T.);
#886=ORIENTED_EDGE('',*,*,#1515,.F.);
#887=ORIENTED_EDGE('',*,*,#1419,.T.);
#888=ORIENTED_EDGE('',*,*,#1516,.T.);
#889=ORIENTED_EDGE('',*,*,#1406,.T.);
#890=ORIENTED_EDGE('',*,*,#1516,.F.);
#891=ORIENTED_EDGE('',*,*,#1418,.T.);
#892=ORIENTED_EDGE('',*,*,#1513,.T.);
#893=ORIENTED_EDGE('',*,*,#1493,.F.);
#894=ORIENTED_EDGE('',*,*,#1517,.F.);
#895=ORIENTED_EDGE('',*,*,#1518,.F.);
#896=ORIENTED_EDGE('',*,*,#1519,.T.);
#897=ORIENTED_EDGE('',*,*,#1520,.F.);
#898=ORIENTED_EDGE('',*,*,#1470,.F.);
#899=ORIENTED_EDGE('',*,*,#1521,.T.);
#900=ORIENTED_EDGE('',*,*,#1522,.T.);
#901=ORIENTED_EDGE('',*,*,#1523,.F.);
#902=ORIENTED_EDGE('',*,*,#1522,.F.);
#903=ORIENTED_EDGE('',*,*,#1524,.T.);
#904=ORIENTED_EDGE('',*,*,#1525,.T.);
#905=ORIENTED_EDGE('',*,*,#1526,.F.);
#906=ORIENTED_EDGE('',*,*,#1525,.F.);
#907=ORIENTED_EDGE('',*,*,#1527,.T.);
#908=ORIENTED_EDGE('',*,*,#1518,.T.);
#909=ORIENTED_EDGE('',*,*,#1469,.F.);
#910=ORIENTED_EDGE('',*,*,#1376,.F.);
#911=ORIENTED_EDGE('',*,*,#1519,.F.);
#912=ORIENTED_EDGE('',*,*,#1527,.F.);
#913=ORIENTED_EDGE('',*,*,#1524,.F.);
#914=ORIENTED_EDGE('',*,*,#1521,.F.);
#915=ORIENTED_EDGE('',*,*,#1471,.T.);
#916=ORIENTED_EDGE('',*,*,#1520,.T.);
#917=ORIENTED_EDGE('',*,*,#1523,.T.);
#918=ORIENTED_EDGE('',*,*,#1526,.T.);
#919=ORIENTED_EDGE('',*,*,#1517,.T.);
#920=ORIENTED_EDGE('',*,*,#1360,.T.);
#921=ORIENTED_EDGE('',*,*,#1489,.T.);
#922=ORIENTED_EDGE('',*,*,#1528,.T.);
#923=ORIENTED_EDGE('',*,*,#1529,.F.);
#924=ORIENTED_EDGE('',*,*,#1530,.F.);
#925=ORIENTED_EDGE('',*,*,#1531,.T.);
#926=ORIENTED_EDGE('',*,*,#1532,.T.);
#927=ORIENTED_EDGE('',*,*,#1461,.F.);
#928=ORIENTED_EDGE('',*,*,#1533,.F.);
#929=ORIENTED_EDGE('',*,*,#1529,.T.);
#930=ORIENTED_EDGE('',*,*,#1534,.T.);
#931=ORIENTED_EDGE('',*,*,#1535,.F.);
#932=ORIENTED_EDGE('',*,*,#1536,.F.);
#933=ORIENTED_EDGE('',*,*,#1535,.T.);
#934=ORIENTED_EDGE('',*,*,#1537,.T.);
#935=ORIENTED_EDGE('',*,*,#1531,.F.);
#936=ORIENTED_EDGE('',*,*,#1538,.F.);
#937=ORIENTED_EDGE('',*,*,#1533,.T.);
#938=ORIENTED_EDGE('',*,*,#1475,.T.);
#939=ORIENTED_EDGE('',*,*,#1369,.T.);
#940=ORIENTED_EDGE('',*,*,#1530,.T.);
#941=ORIENTED_EDGE('',*,*,#1536,.T.);
#942=ORIENTED_EDGE('',*,*,#1538,.T.);
#943=ORIENTED_EDGE('',*,*,#1386,.F.);
#944=ORIENTED_EDGE('',*,*,#1392,.F.);
#945=ORIENTED_EDGE('',*,*,#1389,.F.);
#946=ORIENTED_EDGE('',*,*,#1382,.F.);
#947=ORIENTED_EDGE('',*,*,#1353,.F.);
#948=ORIENTED_EDGE('',*,*,#1465,.F.);
#949=ORIENTED_EDGE('',*,*,#1488,.T.);
#950=ORIENTED_EDGE('',*,*,#1539,.F.);
#951=ORIENTED_EDGE('',*,*,#1463,.F.);
#952=ORIENTED_EDGE('',*,*,#1540,.T.);
#953=ORIENTED_EDGE('',*,*,#1532,.F.);
#954=ORIENTED_EDGE('',*,*,#1537,.F.);
#955=ORIENTED_EDGE('',*,*,#1534,.F.);
#956=ORIENTED_EDGE('',*,*,#1528,.F.);
#957=ORIENTED_EDGE('',*,*,#1540,.F.);
#958=ORIENTED_EDGE('',*,*,#1462,.F.);
#959=ORIENTED_EDGE('',*,*,#1384,.T.);
#960=ORIENTED_EDGE('',*,*,#1464,.T.);
#961=ORIENTED_EDGE('',*,*,#1539,.T.);
#962=ORIENTED_EDGE('',*,*,#1380,.T.);
#963=ORIENTED_EDGE('',*,*,#1388,.T.);
#964=ORIENTED_EDGE('',*,*,#1391,.T.);
#965=ORIENTED_EDGE('',*,*,#1372,.T.);
#966=ORIENTED_EDGE('',*,*,#1408,.F.);
#967=ORIENTED_EDGE('',*,*,#1541,.T.);
#968=ORIENTED_EDGE('',*,*,#1393,.F.);
#969=ORIENTED_EDGE('',*,*,#1542,.F.);
#970=ORIENTED_EDGE('',*,*,#1416,.F.);
#971=ORIENTED_EDGE('',*,*,#1349,.T.);
#972=ORIENTED_EDGE('',*,*,#1395,.F.);
#973=ORIENTED_EDGE('',*,*,#1394,.T.);
#974=ORIENTED_EDGE('',*,*,#1541,.F.);
#975=ORIENTED_EDGE('',*,*,#1407,.T.);
#976=ORIENTED_EDGE('',*,*,#1542,.T.);
#977=ORIENTED_EDGE('',*,*,#1422,.T.);
#978=ORIENTED_EDGE('',*,*,#1543,.F.);
#979=ORIENTED_EDGE('',*,*,#1435,.T.);
#980=ORIENTED_EDGE('',*,*,#1544,.T.);
#981=ORIENTED_EDGE('',*,*,#1544,.F.);
#982=ORIENTED_EDGE('',*,*,#1444,.F.);
#983=ORIENTED_EDGE('',*,*,#1365,.T.);
#984=ORIENTED_EDGE('',*,*,#1423,.F.);
#985=ORIENTED_EDGE('',*,*,#1356,.F.);
#986=ORIENTED_EDGE('',*,*,#1436,.F.);
#987=ORIENTED_EDGE('',*,*,#1543,.T.);
#988=ORIENTED_EDGE('',*,*,#1421,.F.);
#989=ORIENTED_EDGE('',*,*,#1545,.T.);
#990=ORIENTED_EDGE('',*,*,#1546,.F.);
#991=ORIENTED_EDGE('',*,*,#1547,.F.);
#992=ORIENTED_EDGE('',*,*,#1548,.T.);
#993=ORIENTED_EDGE('',*,*,#1549,.F.);
#994=ORIENTED_EDGE('',*,*,#1550,.F.);
#995=ORIENTED_EDGE('',*,*,#1551,.T.);
#996=ORIENTED_EDGE('',*,*,#1546,.T.);
#997=ORIENTED_EDGE('',*,*,#1552,.T.);
#998=ORIENTED_EDGE('',*,*,#1553,.F.);
#999=ORIENTED_EDGE('',*,*,#1554,.F.);
#1000=ORIENTED_EDGE('',*,*,#1550,.T.);
#1001=ORIENTED_EDGE('',*,*,#1555,.T.);
#1002=ORIENTED_EDGE('',*,*,#1556,.T.);
#1003=ORIENTED_EDGE('',*,*,#1557,.F.);
#1004=ORIENTED_EDGE('',*,*,#1553,.T.);
#1005=ORIENTED_EDGE('',*,*,#1558,.F.);
#1006=ORIENTED_EDGE('',*,*,#1559,.T.);
#1007=ORIENTED_EDGE('',*,*,#1560,.T.);
#1008=ORIENTED_EDGE('',*,*,#1561,.F.);
#1009=ORIENTED_EDGE('',*,*,#1562,.F.);
#1010=ORIENTED_EDGE('',*,*,#1563,.F.);
#1011=ORIENTED_EDGE('',*,*,#1564,.T.);
#1012=ORIENTED_EDGE('',*,*,#1561,.T.);
#1013=ORIENTED_EDGE('',*,*,#1565,.T.);
#1014=ORIENTED_EDGE('',*,*,#1566,.F.);
#1015=ORIENTED_EDGE('',*,*,#1567,.F.);
#1016=ORIENTED_EDGE('',*,*,#1563,.T.);
#1017=ORIENTED_EDGE('',*,*,#1568,.F.);
#1018=ORIENTED_EDGE('',*,*,#1569,.F.);
#1019=ORIENTED_EDGE('',*,*,#1570,.T.);
#1020=ORIENTED_EDGE('',*,*,#1566,.T.);
#1021=ORIENTED_EDGE('',*,*,#1571,.T.);
#1022=ORIENTED_EDGE('',*,*,#1558,.T.);
#1023=ORIENTED_EDGE('',*,*,#1564,.F.);
#1024=ORIENTED_EDGE('',*,*,#1567,.T.);
#1025=ORIENTED_EDGE('',*,*,#1570,.F.);
#1026=ORIENTED_EDGE('',*,*,#1572,.T.);
#1027=ORIENTED_EDGE('',*,*,#1479,.F.);
#1028=ORIENTED_EDGE('',*,*,#1573,.T.);
#1029=ORIENTED_EDGE('',*,*,#1547,.T.);
#1030=ORIENTED_EDGE('',*,*,#1551,.F.);
#1031=ORIENTED_EDGE('',*,*,#1554,.T.);
#1032=ORIENTED_EDGE('',*,*,#1557,.T.);
#1033=ORIENTED_EDGE('',*,*,#1560,.F.);
#1034=ORIENTED_EDGE('',*,*,#1574,.F.);
#1035=ORIENTED_EDGE('',*,*,#1555,.F.);
#1036=ORIENTED_EDGE('',*,*,#1552,.F.);
#1037=ORIENTED_EDGE('',*,*,#1549,.T.);
#1038=ORIENTED_EDGE('',*,*,#1545,.F.);
#1039=ORIENTED_EDGE('',*,*,#1575,.F.);
#1040=ORIENTED_EDGE('',*,*,#1481,.T.);
#1041=ORIENTED_EDGE('',*,*,#1576,.F.);
#1042=ORIENTED_EDGE('',*,*,#1568,.T.);
#1043=ORIENTED_EDGE('',*,*,#1565,.F.);
#1044=ORIENTED_EDGE('',*,*,#1562,.T.);
#1045=ORIENTED_EDGE('',*,*,#1576,.T.);
#1046=ORIENTED_EDGE('',*,*,#1480,.T.);
#1047=ORIENTED_EDGE('',*,*,#1572,.F.);
#1048=ORIENTED_EDGE('',*,*,#1569,.T.);
#1049=ORIENTED_EDGE('',*,*,#1575,.T.);
#1050=ORIENTED_EDGE('',*,*,#1548,.F.);
#1051=ORIENTED_EDGE('',*,*,#1573,.F.);
#1052=ORIENTED_EDGE('',*,*,#1478,.T.);
#1053=ORIENTED_EDGE('',*,*,#1577,.F.);
#1054=ORIENTED_EDGE('',*,*,#1482,.T.);
#1055=ORIENTED_EDGE('',*,*,#1578,.T.);
#1056=ORIENTED_EDGE('',*,*,#1579,.F.);
#1057=ORIENTED_EDGE('',*,*,#1580,.T.);
#1058=ORIENTED_EDGE('',*,*,#1581,.T.);
#1059=ORIENTED_EDGE('',*,*,#1582,.T.);
#1060=ORIENTED_EDGE('',*,*,#1583,.F.);
#1061=ORIENTED_EDGE('',*,*,#1584,.T.);
#1062=ORIENTED_EDGE('',*,*,#1585,.T.);
#1063=ORIENTED_EDGE('',*,*,#1483,.F.);
#1064=ORIENTED_EDGE('',*,*,#1577,.T.);
#1065=ORIENTED_EDGE('',*,*,#1586,.F.);
#1066=ORIENTED_EDGE('',*,*,#1587,.T.);
#1067=ORIENTED_EDGE('',*,*,#1588,.F.);
#1068=ORIENTED_EDGE('',*,*,#1589,.T.);
#1069=ORIENTED_EDGE('',*,*,#1590,.F.);
#1070=ORIENTED_EDGE('',*,*,#1591,.F.);
#1071=ORIENTED_EDGE('',*,*,#1592,.F.);
#1072=ORIENTED_EDGE('',*,*,#1593,.T.);
#1073=ORIENTED_EDGE('',*,*,#1594,.F.);
#1074=ORIENTED_EDGE('',*,*,#1595,.T.);
#1075=ORIENTED_EDGE('',*,*,#1578,.F.);
#1076=ORIENTED_EDGE('',*,*,#1485,.T.);
#1077=ORIENTED_EDGE('',*,*,#1596,.F.);
#1078=ORIENTED_EDGE('',*,*,#1597,.F.);
#1079=ORIENTED_EDGE('',*,*,#1598,.T.);
#1080=ORIENTED_EDGE('',*,*,#1599,.F.);
#1081=ORIENTED_EDGE('',*,*,#1596,.T.);
#1082=ORIENTED_EDGE('',*,*,#1484,.F.);
#1083=ORIENTED_EDGE('',*,*,#1585,.F.);
#1084=ORIENTED_EDGE('',*,*,#1600,.T.);
#1085=ORIENTED_EDGE('',*,*,#1597,.T.);
#1086=ORIENTED_EDGE('',*,*,#1600,.F.);
#1087=ORIENTED_EDGE('',*,*,#1584,.F.);
#1088=ORIENTED_EDGE('',*,*,#1601,.T.);
#1089=ORIENTED_EDGE('',*,*,#1598,.F.);
#1090=ORIENTED_EDGE('',*,*,#1601,.F.);
#1091=ORIENTED_EDGE('',*,*,#1583,.T.);
#1092=ORIENTED_EDGE('',*,*,#1602,.T.);
#1093=ORIENTED_EDGE('',*,*,#1599,.T.);
#1094=ORIENTED_EDGE('',*,*,#1602,.F.);
#1095=ORIENTED_EDGE('',*,*,#1582,.F.);
#1096=ORIENTED_EDGE('',*,*,#1603,.T.);
#1097=ORIENTED_EDGE('',*,*,#1581,.F.);
#1098=ORIENTED_EDGE('',*,*,#1604,.T.);
#1099=ORIENTED_EDGE('',*,*,#1590,.T.);
#1100=ORIENTED_EDGE('',*,*,#1603,.F.);
#1101=ORIENTED_EDGE('',*,*,#1592,.T.);
#1102=ORIENTED_EDGE('',*,*,#1605,.T.);
#1103=ORIENTED_EDGE('',*,*,#1589,.F.);
#1104=ORIENTED_EDGE('',*,*,#1606,.T.);
#1105=ORIENTED_EDGE('',*,*,#1593,.F.);
#1106=ORIENTED_EDGE('',*,*,#1606,.F.);
#1107=ORIENTED_EDGE('',*,*,#1588,.T.);
#1108=ORIENTED_EDGE('',*,*,#1607,.T.);
#1109=ORIENTED_EDGE('',*,*,#1594,.T.);
#1110=ORIENTED_EDGE('',*,*,#1607,.F.);
#1111=ORIENTED_EDGE('',*,*,#1587,.F.);
#1112=ORIENTED_EDGE('',*,*,#1608,.T.);
#1113=ORIENTED_EDGE('',*,*,#1595,.F.);
#1114=ORIENTED_EDGE('',*,*,#1608,.F.);
#1115=ORIENTED_EDGE('',*,*,#1586,.T.);
#1116=ORIENTED_EDGE('',*,*,#1579,.T.);
#1117=ORIENTED_EDGE('',*,*,#1580,.F.);
#1118=ORIENTED_EDGE('',*,*,#1605,.F.);
#1119=ORIENTED_EDGE('',*,*,#1591,.T.);
#1120=ORIENTED_EDGE('',*,*,#1604,.F.);
#1121=ORIENTED_EDGE('',*,*,#1574,.T.);
#1122=ORIENTED_EDGE('',*,*,#1559,.F.);
#1123=ORIENTED_EDGE('',*,*,#1571,.F.);
#1124=ORIENTED_EDGE('',*,*,#1556,.F.);
#1125=ORIENTED_EDGE('',*,*,#1609,.F.);
#1126=ORIENTED_EDGE('',*,*,#1610,.F.);
#1127=ORIENTED_EDGE('',*,*,#1609,.T.);
#1128=ORIENTED_EDGE('',*,*,#1610,.T.);
#1129=EDGE_CURVE('',#1611,#1612,#1940,.T.);
#1130=EDGE_CURVE('',#1611,#1613,#1941,.T.);
#1131=EDGE_CURVE('',#1613,#1614,#1942,.T.);
#1132=EDGE_CURVE('',#1614,#1615,#1943,.T.);
#1133=EDGE_CURVE('',#1612,#1615,#1944,.T.);
#1134=EDGE_CURVE('',#1616,#1617,#1945,.T.);
#1135=EDGE_CURVE('',#1618,#1616,#1946,.T.);
#1136=EDGE_CURVE('',#1619,#1618,#1947,.T.);
#1137=EDGE_CURVE('',#1617,#1619,#1948,.T.);
#1138=EDGE_CURVE('',#1620,#1621,#1949,.T.);
#1139=EDGE_CURVE('',#1622,#1620,#1950,.T.);
#1140=EDGE_CURVE('',#1623,#1622,#1951,.T.);
#1141=EDGE_CURVE('',#1621,#1623,#1952,.T.);
#1142=EDGE_CURVE('',#1624,#1625,#1953,.T.);
#1143=EDGE_CURVE('',#1626,#1624,#1954,.T.);
#1144=EDGE_CURVE('',#1627,#1626,#1955,.T.);
#1145=EDGE_CURVE('',#1625,#1627,#1956,.T.);
#1146=EDGE_CURVE('',#1628,#1629,#1957,.T.);
#1147=EDGE_CURVE('',#1630,#1628,#1958,.T.);
#1148=EDGE_CURVE('',#1631,#1630,#1959,.T.);
#1149=EDGE_CURVE('',#1629,#1631,#1960,.T.);
#1150=EDGE_CURVE('',#1632,#1633,#1961,.T.);
#1151=EDGE_CURVE('',#1619,#1633,#1962,.T.);
#1152=EDGE_CURVE('',#1618,#1634,#1963,.T.);
#1153=EDGE_CURVE('',#1634,#1635,#1964,.T.);
#1154=EDGE_CURVE('',#1635,#1636,#1965,.T.);
#1155=EDGE_CURVE('',#1637,#1636,#1966,.T.);
#1156=EDGE_CURVE('',#1632,#1637,#1967,.T.);
#1157=EDGE_CURVE('',#1638,#1639,#1968,.T.);
#1158=EDGE_CURVE('',#1638,#1640,#1969,.T.);
#1159=EDGE_CURVE('',#1640,#1641,#1970,.T.);
#1160=EDGE_CURVE('',#1639,#1641,#1971,.T.);
#1161=EDGE_CURVE('',#1622,#1642,#1972,.T.);
#1162=EDGE_CURVE('',#1642,#1643,#1973,.T.);
#1163=EDGE_CURVE('',#1643,#1644,#1974,.T.);
#1164=EDGE_CURVE('',#1645,#1644,#1975,.T.);
#1165=EDGE_CURVE('',#1646,#1645,#1976,.T.);
#1166=EDGE_CURVE('',#1647,#1646,#1977,.T.);
#1167=EDGE_CURVE('',#1647,#1648,#1978,.T.);
#1168=EDGE_CURVE('',#1649,#1648,#1979,.T.);
#1169=EDGE_CURVE('',#1650,#1649,#1980,.T.);
#1170=EDGE_CURVE('',#1650,#1651,#1981,.T.);
#1171=EDGE_CURVE('',#1623,#1651,#1982,.T.);
#1172=EDGE_CURVE('',#1652,#1653,#1983,.T.);
#1173=EDGE_CURVE('',#1653,#1654,#1984,.T.);
#1174=EDGE_CURVE('',#1655,#1654,#1985,.T.);
#1175=EDGE_CURVE('',#1652,#1655,#1986,.T.);
#1176=EDGE_CURVE('',#1656,#1657,#1987,.T.);
#1177=EDGE_CURVE('',#1627,#1657,#1988,.T.);
#1178=EDGE_CURVE('',#1626,#1658,#1989,.T.);
#1179=EDGE_CURVE('',#1658,#1659,#1990,.T.);
#1180=EDGE_CURVE('',#1659,#1660,#1991,.T.);
#1181=EDGE_CURVE('',#1661,#1660,#1992,.T.);
#1182=EDGE_CURVE('',#1656,#1661,#1993,.T.);
#1183=EDGE_CURVE('',#1662,#1663,#1994,.T.);
#1184=EDGE_CURVE('',#1663,#1664,#1995,.T.);
#1185=EDGE_CURVE('',#1665,#1664,#1996,.T.);
#1186=EDGE_CURVE('',#1662,#1665,#1997,.T.);
#1187=EDGE_CURVE('',#1666,#1667,#1998,.T.);
#1188=EDGE_CURVE('',#1631,#1667,#1999,.T.);
#1189=EDGE_CURVE('',#1630,#1668,#2000,.T.);
#1190=EDGE_CURVE('',#1668,#1669,#2001,.T.);
#1191=EDGE_CURVE('',#1669,#1670,#2002,.T.);
#1192=EDGE_CURVE('',#1671,#1670,#2003,.T.);
#1193=EDGE_CURVE('',#1672,#1671,#2004,.T.);
#1194=EDGE_CURVE('',#1673,#1672,#2005,.T.);
#1195=EDGE_CURVE('',#1673,#1674,#2006,.T.);
#1196=EDGE_CURVE('',#1675,#1674,#2007,.T.);
#1197=EDGE_CURVE('',#1666,#1675,#2008,.T.);
#1198=EDGE_CURVE('',#1642,#1676,#2009,.T.);
#1199=EDGE_CURVE('',#1676,#1677,#2010,.T.);
#1200=EDGE_CURVE('',#1677,#1678,#2011,.T.);
#1201=EDGE_CURVE('',#1678,#1657,#2012,.T.);
#1202=EDGE_CURVE('',#1643,#1656,#2013,.T.);
#1203=EDGE_CURVE('',#1658,#1679,#2014,.T.);
#1204=EDGE_CURVE('',#1679,#1680,#2015,.T.);
#1205=EDGE_CURVE('',#1680,#1681,#2016,.T.);
#1206=EDGE_CURVE('',#1681,#1667,#2017,.T.);
#1207=EDGE_CURVE('',#1659,#1666,#2018,.T.);
#1208=EDGE_CURVE('',#1668,#1682,#2019,.T.);
#1209=EDGE_CURVE('',#1682,#1683,#2020,.T.);
#1210=EDGE_CURVE('',#1683,#1684,#2021,.T.);
#1211=EDGE_CURVE('',#1684,#1633,#2022,.T.);
#1212=EDGE_CURVE('',#1669,#1632,#2023,.T.);
#1213=EDGE_CURVE('',#1634,#1685,#2024,.T.);
#1214=EDGE_CURVE('',#1685,#1686,#2025,.T.);
#1215=EDGE_CURVE('',#1686,#1687,#2026,.T.);
#1216=EDGE_CURVE('',#1687,#1651,#2027,.T.);
#1217=EDGE_CURVE('',#1635,#1650,#2028,.T.);
#1218=EDGE_CURVE('',#1671,#1648,#2029,.T.);
#1219=EDGE_CURVE('',#1670,#1637,#2030,.T.);
#1220=EDGE_CURVE('',#1636,#1649,#2031,.T.);
#1221=EDGE_CURVE('',#1645,#1674,#2032,.T.);
#1222=EDGE_CURVE('',#1644,#1661,#2033,.T.);
#1223=EDGE_CURVE('',#1660,#1675,#2034,.T.);
#1224=EDGE_CURVE('',#1688,#1689,#2035,.T.);
#1225=EDGE_CURVE('',#1689,#1690,#2036,.T.);
#1226=EDGE_CURVE('',#1615,#1690,#2037,.T.);
#1227=EDGE_CURVE('',#1688,#1614,#2038,.T.);
#1228=EDGE_CURVE('',#1691,#1692,#2039,.T.);
#1229=EDGE_CURVE('',#1692,#1693,#2040,.T.);
#1230=EDGE_CURVE('',#1694,#1693,#2041,.T.);
#1231=EDGE_CURVE('',#1695,#1694,#2042,.T.);
#1232=EDGE_CURVE('',#1691,#1695,#2043,.T.);
#1233=EDGE_CURVE('',#1696,#1697,#2044,.T.);
#1234=EDGE_CURVE('',#1697,#1698,#2045,.T.);
#1235=EDGE_CURVE('',#1699,#1698,#2046,.T.);
#1236=EDGE_CURVE('',#1700,#1699,#2047,.T.);
#1237=EDGE_CURVE('',#1696,#1700,#2048,.T.);
#1238=EDGE_CURVE('',#1701,#1702,#2049,.T.);
#1239=EDGE_CURVE('',#1702,#1703,#2050,.T.);
#1240=EDGE_CURVE('',#1704,#1703,#2051,.T.);
#1241=EDGE_CURVE('',#1705,#1704,#2052,.T.);
#1242=EDGE_CURVE('',#1701,#1705,#2053,.T.);
#1243=EDGE_CURVE('',#1706,#1611,#2054,.T.);
#1244=EDGE_CURVE('',#1707,#1706,#2055,.T.);
#1245=EDGE_CURVE('',#1708,#1707,#2056,.T.);
#1246=EDGE_CURVE('',#1709,#1708,#2057,.T.);
#1247=EDGE_CURVE('',#1709,#1710,#2058,.T.);
#1248=EDGE_CURVE('',#1710,#1711,#2059,.T.);
#1249=EDGE_CURVE('',#1613,#1711,#2060,.T.);
#1250=EDGE_CURVE('',#1712,#1712,#83,.T.);
#1251=EDGE_CURVE('',#1703,#1689,#2061,.T.);
#1252=EDGE_CURVE('',#1688,#1704,#2062,.T.);
#1253=EDGE_CURVE('',#1693,#1697,#2063,.T.);
#1254=EDGE_CURVE('',#1694,#1696,#2064,.T.);
#1255=EDGE_CURVE('',#1705,#1711,#2065,.T.);
#1256=EDGE_CURVE('',#1710,#1700,#2066,.T.);
#1257=EDGE_CURVE('',#1699,#1701,#2067,.T.);
#1258=EDGE_CURVE('',#1713,#1708,#2068,.T.);
#1259=EDGE_CURVE('',#1691,#1713,#2069,.T.);
#1260=EDGE_CURVE('',#1695,#1709,#2070,.T.);
#1261=EDGE_CURVE('',#1646,#1690,#2071,.T.);
#1262=EDGE_CURVE('',#1692,#1673,#2072,.T.);
#1263=EDGE_CURVE('',#1612,#1713,#2073,.T.);
#1264=EDGE_CURVE('',#1672,#1698,#2074,.T.);
#1265=EDGE_CURVE('',#1702,#1647,#2075,.T.);
#1266=EDGE_CURVE('',#1620,#1676,#2076,.T.);
#1267=EDGE_CURVE('',#1621,#1687,#2077,.T.);
#1268=EDGE_CURVE('',#1714,#1686,#2078,.T.);
#1269=EDGE_CURVE('',#1714,#1715,#2079,.T.);
#1270=EDGE_CURVE('',#1715,#1677,#2080,.T.);
#1271=EDGE_CURVE('',#1715,#1716,#2081,.T.);
#1272=EDGE_CURVE('',#1716,#1680,#2082,.T.);
#1273=EDGE_CURVE('',#1624,#1679,#2083,.T.);
#1274=EDGE_CURVE('',#1625,#1678,#2084,.T.);
#1275=EDGE_CURVE('',#1716,#1717,#2085,.T.);
#1276=EDGE_CURVE('',#1717,#1683,#2086,.T.);
#1277=EDGE_CURVE('',#1628,#1682,#2087,.T.);
#1278=EDGE_CURVE('',#1629,#1681,#2088,.T.);
#1279=EDGE_CURVE('',#1717,#1714,#2089,.T.);
#1280=EDGE_CURVE('',#1616,#1685,#2090,.T.);
#1281=EDGE_CURVE('',#1617,#1684,#2091,.T.);
#1282=EDGE_CURVE('',#1654,#1718,#2092,.T.);
#1283=EDGE_CURVE('',#1653,#1719,#2093,.T.);
#1284=EDGE_CURVE('',#1719,#1718,#2094,.T.);
#1285=EDGE_CURVE('',#1718,#1720,#2095,.T.);
#1286=EDGE_CURVE('',#1719,#1721,#2096,.T.);
#1287=EDGE_CURVE('',#1721,#1720,#2097,.T.);
#1288=EDGE_CURVE('',#1720,#1655,#2098,.T.);
#1289=EDGE_CURVE('',#1721,#1652,#2099,.T.);
#1290=EDGE_CURVE('',#1722,#1639,#2100,.T.);
#1291=EDGE_CURVE('',#1723,#1722,#2101,.T.);
#1292=EDGE_CURVE('',#1723,#1638,#2102,.T.);
#1293=EDGE_CURVE('',#1641,#1724,#2103,.T.);
#1294=EDGE_CURVE('',#1640,#1725,#2104,.T.);
#1295=EDGE_CURVE('',#1725,#1724,#2105,.T.);
#1296=EDGE_CURVE('',#1724,#1722,#2106,.T.);
#1297=EDGE_CURVE('',#1725,#1723,#2107,.T.);
#1298=EDGE_CURVE('',#1664,#1726,#2108,.T.);
#1299=EDGE_CURVE('',#1663,#1727,#2109,.T.);
#1300=EDGE_CURVE('',#1727,#1726,#2110,.T.);
#1301=EDGE_CURVE('',#1726,#1728,#2111,.T.);
#1302=EDGE_CURVE('',#1727,#1729,#2112,.T.);
#1303=EDGE_CURVE('',#1729,#1728,#2113,.T.);
#1304=EDGE_CURVE('',#1728,#1665,#2114,.T.);
#1305=EDGE_CURVE('',#1729,#1662,#2115,.T.);
#1306=EDGE_CURVE('',#1730,#1730,#84,.T.);
#1307=EDGE_CURVE('',#1731,#1706,#2116,.T.);
#1308=EDGE_CURVE('',#1732,#1731,#2117,.T.);
#1309=EDGE_CURVE('',#1732,#1707,#2118,.T.);
#1310=EDGE_CURVE('',#1731,#1612,#2119,.T.);
#1311=EDGE_CURVE('',#1713,#1732,#2120,.T.);
#1312=EDGE_CURVE('',#1733,#1734,#2121,.T.);
#1313=EDGE_CURVE('',#1735,#1733,#2122,.T.);
#1314=EDGE_CURVE('',#1735,#1736,#2123,.T.);
#1315=EDGE_CURVE('',#1736,#1734,#2124,.T.);
#1316=EDGE_CURVE('',#1734,#1737,#2125,.T.);
#1317=EDGE_CURVE('',#1736,#1738,#2126,.T.);
#1318=EDGE_CURVE('',#1738,#1737,#2127,.T.);
#1319=EDGE_CURVE('',#1737,#1739,#2128,.T.);
#1320=EDGE_CURVE('',#1738,#1740,#2129,.T.);
#1321=EDGE_CURVE('',#1740,#1739,#2130,.T.);
#1322=EDGE_CURVE('',#1739,#1733,#2131,.T.);
#1323=EDGE_CURVE('',#1740,#1735,#2132,.T.);
#1324=EDGE_CURVE('',#1741,#1741,#85,.T.);
#1325=EDGE_CURVE('',#1742,#1742,#86,.T.);
#1326=EDGE_CURVE('',#1743,#1743,#87,.T.);
#1327=EDGE_CURVE('',#1744,#1744,#88,.T.);
#1328=EDGE_CURVE('',#1745,#1745,#89,.T.);
#1329=EDGE_CURVE('',#1746,#1746,#90,.T.);
#1330=EDGE_CURVE('',#1747,#1747,#91,.T.);
#1331=EDGE_CURVE('',#1748,#1748,#92,.T.);
#1332=EDGE_CURVE('',#1749,#1749,#93,.T.);
#1333=EDGE_CURVE('',#1750,#1750,#94,.T.);
#1334=EDGE_CURVE('',#1751,#1751,#95,.T.);
#1335=EDGE_CURVE('',#1752,#1752,#96,.T.);
#1336=EDGE_CURVE('',#1753,#1753,#97,.T.);
#1337=EDGE_CURVE('',#1754,#1754,#98,.T.);
#1338=EDGE_CURVE('',#1755,#1755,#99,.T.);
#1339=EDGE_CURVE('',#1756,#1756,#100,.T.);
#1340=EDGE_CURVE('',#1757,#1757,#101,.T.);
#1341=EDGE_CURVE('',#1758,#1758,#102,.T.);
#1342=EDGE_CURVE('',#1759,#1759,#103,.T.);
#1343=EDGE_CURVE('',#1760,#1760,#104,.T.);
#1344=EDGE_CURVE('',#1761,#1761,#105,.T.);
#1345=EDGE_CURVE('',#1762,#1762,#106,.T.);
#1346=EDGE_CURVE('',#1763,#1763,#107,.T.);
#1347=EDGE_CURVE('',#1764,#1764,#108,.T.);
#1348=EDGE_CURVE('',#1765,#1766,#2133,.T.);
#1349=EDGE_CURVE('',#1767,#1766,#2134,.T.);
#1350=EDGE_CURVE('',#1767,#1768,#2135,.T.);
#1351=EDGE_CURVE('',#1769,#1768,#109,.T.);
#1352=EDGE_CURVE('',#1769,#1770,#2136,.T.);
#1353=EDGE_CURVE('',#1770,#1771,#2137,.T.);
#1354=EDGE_CURVE('',#1771,#1772,#2138,.T.);
#1355=EDGE_CURVE('',#1772,#1765,#2139,.T.);
#1356=EDGE_CURVE('',#1773,#1774,#2140,.T.);
#1357=EDGE_CURVE('',#1775,#1774,#2141,.T.);
#1358=EDGE_CURVE('',#1775,#1776,#110,.T.);
#1359=EDGE_CURVE('',#1777,#1776,#2142,.T.);
#1360=EDGE_CURVE('',#1778,#1777,#2143,.T.);
#1361=EDGE_CURVE('',#1779,#1778,#2144,.T.);
#1362=EDGE_CURVE('',#1780,#1779,#2145,.T.);
#1363=EDGE_CURVE('',#1773,#1780,#2146,.T.);
#1364=EDGE_CURVE('',#1781,#1782,#2147,.T.);
#1365=EDGE_CURVE('',#1783,#1782,#2148,.T.);
#1366=EDGE_CURVE('',#1783,#1784,#2149,.T.);
#1367=EDGE_CURVE('',#1784,#1785,#2150,.T.);
#1368=EDGE_CURVE('',#1785,#1786,#2151,.T.);
#1369=EDGE_CURVE('',#1787,#1786,#2152,.T.);
#1370=EDGE_CURVE('',#1787,#1788,#2153,.T.);
#1371=EDGE_CURVE('',#1781,#1788,#111,.T.);
#1372=EDGE_CURVE('',#1789,#1790,#2154,.F.);
#1373=EDGE_CURVE('',#1791,#1789,#2155,.T.);
#1374=EDGE_CURVE('',#1792,#1791,#2156,.T.);
#1375=EDGE_CURVE('',#1793,#1792,#2157,.T.);
#1376=EDGE_CURVE('',#1793,#1794,#2158,.T.);
#1377=EDGE_CURVE('',#1795,#1794,#2159,.T.);
#1378=EDGE_CURVE('',#1795,#1796,#112,.T.);
#1379=EDGE_CURVE('',#1790,#1796,#2160,.T.);
#1380=EDGE_CURVE('',#1797,#1798,#2161,.T.);
#1381=EDGE_CURVE('',#1797,#1771,#2162,.T.);
#1382=EDGE_CURVE('',#1771,#1799,#2163,.T.);
#1383=EDGE_CURVE('',#1798,#1799,#2164,.T.);
#1384=EDGE_CURVE('',#1800,#1801,#113,.T.);
#1385=EDGE_CURVE('',#1800,#1802,#2165,.T.);
#1386=EDGE_CURVE('',#1802,#1803,#114,.T.);
#1387=EDGE_CURVE('',#1801,#1803,#2166,.T.);
#1388=EDGE_CURVE('',#1798,#1804,#2167,.T.);
#1389=EDGE_CURVE('',#1799,#1805,#2168,.T.);
#1390=EDGE_CURVE('',#1804,#1805,#2169,.T.);
#1391=EDGE_CURVE('',#1804,#1800,#2170,.T.);
#1392=EDGE_CURVE('',#1805,#1802,#2171,.T.);
#1393=EDGE_CURVE('',#1789,#1806,#115,.F.);
#1394=EDGE_CURVE('',#1807,#1806,#2172,.T.);
#1395=EDGE_CURVE('',#1807,#1766,#116,.F.);
#1396=EDGE_CURVE('',#1765,#1808,#2173,.T.);
#1397=EDGE_CURVE('',#1809,#1808,#2174,.T.);
#1398=EDGE_CURVE('',#1810,#1809,#2175,.T.);
#1399=EDGE_CURVE('',#1811,#1810,#2176,.T.);
#1400=EDGE_CURVE('',#1812,#1811,#2177,.T.);
#1401=EDGE_CURVE('',#1813,#1812,#2178,.T.);
#1402=EDGE_CURVE('',#1813,#1791,#2179,.T.);
#1403=EDGE_CURVE('',#1814,#1815,#2180,.T.);
#1404=EDGE_CURVE('',#1816,#1814,#2181,.T.);
#1405=EDGE_CURVE('',#1817,#1816,#2182,.T.);
#1406=EDGE_CURVE('',#1815,#1817,#2183,.T.);
#1407=EDGE_CURVE('',#1818,#1819,#2184,.T.);
#1408=EDGE_CURVE('',#1818,#1790,#117,.F.);
#1409=EDGE_CURVE('',#1820,#1796,#2185,.T.);
#1410=EDGE_CURVE('',#1821,#1820,#2186,.T.);
#1411=EDGE_CURVE('',#1822,#1821,#2187,.T.);
#1412=EDGE_CURVE('',#1823,#1822,#2188,.T.);
#1413=EDGE_CURVE('',#1824,#1823,#2189,.T.);
#1414=EDGE_CURVE('',#1825,#1824,#2190,.T.);
#1415=EDGE_CURVE('',#1768,#1825,#2191,.T.);
#1416=EDGE_CURVE('',#1767,#1819,#118,.F.);
#1417=EDGE_CURVE('',#1826,#1827,#2192,.T.);
#1418=EDGE_CURVE('',#1828,#1826,#2193,.T.);
#1419=EDGE_CURVE('',#1829,#1828,#2194,.T.);
#1420=EDGE_CURVE('',#1827,#1829,#2195,.T.);
#1421=EDGE_CURVE('',#1774,#1830,#119,.F.);
#1422=EDGE_CURVE('',#1831,#1830,#2196,.T.);
#1423=EDGE_CURVE('',#1831,#1782,#120,.F.);
#1424=EDGE_CURVE('',#1781,#1832,#2197,.T.);
#1425=EDGE_CURVE('',#1833,#1832,#2198,.T.);
#1426=EDGE_CURVE('',#1834,#1833,#2199,.T.);
#1427=EDGE_CURVE('',#1835,#1834,#2200,.T.);
#1428=EDGE_CURVE('',#1836,#1835,#2201,.T.);
#1429=EDGE_CURVE('',#1837,#1836,#2202,.T.);
#1430=EDGE_CURVE('',#1837,#1775,#2203,.T.);
#1431=EDGE_CURVE('',#1838,#1839,#2204,.T.);
#1432=EDGE_CURVE('',#1840,#1838,#2205,.T.);
#1433=EDGE_CURVE('',#1841,#1840,#2206,.T.);
#1434=EDGE_CURVE('',#1839,#1841,#2207,.T.);
#1435=EDGE_CURVE('',#1842,#1843,#2208,.T.);
#1436=EDGE_CURVE('',#1842,#1773,#121,.F.);
#1437=EDGE_CURVE('',#1844,#1780,#2209,.T.);
#1438=EDGE_CURVE('',#1845,#1844,#2210,.T.);
#1439=EDGE_CURVE('',#1846,#1845,#2211,.T.);
#1440=EDGE_CURVE('',#1847,#1846,#2212,.T.);
#1441=EDGE_CURVE('',#1848,#1847,#2213,.T.);
#1442=EDGE_CURVE('',#1849,#1848,#2214,.T.);
#1443=EDGE_CURVE('',#1784,#1849,#2215,.T.);
#1444=EDGE_CURVE('',#1783,#1843,#122,.F.);
#1445=EDGE_CURVE('',#1850,#1851,#2216,.T.);
#1446=EDGE_CURVE('',#1852,#1850,#2217,.T.);
#1447=EDGE_CURVE('',#1853,#1852,#2218,.T.);
#1448=EDGE_CURVE('',#1851,#1853,#2219,.T.);
#1449=EDGE_CURVE('',#1772,#1854,#2220,.T.);
#1450=EDGE_CURVE('',#1854,#1808,#2221,.T.);
#1451=EDGE_CURVE('',#1849,#1855,#2222,.T.);
#1452=EDGE_CURVE('',#1785,#1855,#2223,.T.);
#1453=EDGE_CURVE('',#1856,#1795,#2224,.T.);
#1454=EDGE_CURVE('',#1856,#1820,#123,.T.);
#1455=EDGE_CURVE('',#1825,#1857,#124,.T.);
#1456=EDGE_CURVE('',#1769,#1857,#2225,.T.);
#1457=EDGE_CURVE('',#1837,#1858,#125,.T.);
#1458=EDGE_CURVE('',#1858,#1776,#2226,.T.);
#1459=EDGE_CURVE('',#1788,#1859,#2227,.T.);
#1460=EDGE_CURVE('',#1859,#1832,#126,.T.);
#1461=EDGE_CURVE('',#1860,#1861,#2228,.T.);
#1462=EDGE_CURVE('',#1861,#1862,#2229,.T.);
#1463=EDGE_CURVE('',#1862,#1863,#2230,.T.);
#1464=EDGE_CURVE('',#1801,#1863,#2231,.T.);
#1465=EDGE_CURVE('',#1803,#1770,#2232,.T.);
#1466=EDGE_CURVE('',#1864,#1857,#2233,.T.);
#1467=EDGE_CURVE('',#1865,#1864,#127,.T.);
#1468=EDGE_CURVE('',#1856,#1865,#2234,.T.);
#1469=EDGE_CURVE('',#1794,#1866,#2235,.T.);
#1470=EDGE_CURVE('',#1866,#1867,#2236,.T.);
#1471=EDGE_CURVE('',#1777,#1867,#2237,.T.);
#1472=EDGE_CURVE('',#1868,#1858,#2238,.T.);
#1473=EDGE_CURVE('',#1869,#1868,#128,.T.);
#1474=EDGE_CURVE('',#1859,#1869,#2239,.T.);
#1475=EDGE_CURVE('',#1860,#1787,#2240,.T.);
#1476=EDGE_CURVE('',#1870,#1779,#2241,.T.);
#1477=EDGE_CURVE('',#1870,#1844,#2242,.T.);
#1478=EDGE_CURVE('',#1871,#1872,#2243,.T.);
#1479=EDGE_CURVE('',#1871,#1873,#2244,.T.);
#1480=EDGE_CURVE('',#1874,#1873,#2245,.T.);
#1481=EDGE_CURVE('',#1872,#1874,#2246,.T.);
#1482=EDGE_CURVE('',#1875,#1876,#2247,.T.);
#1483=EDGE_CURVE('',#1875,#1877,#2248,.T.);
#1484=EDGE_CURVE('',#1877,#1878,#2249,.T.);
#1485=EDGE_CURVE('',#1876,#1878,#2250,.T.);
#1486=EDGE_CURVE('',#1879,#1880,#129,.T.);
#1487=EDGE_CURVE('',#1880,#1854,#2251,.T.);
#1488=EDGE_CURVE('',#1881,#1797,#2252,.T.);
#1489=EDGE_CURVE('',#1786,#1881,#2253,.T.);
#1490=EDGE_CURVE('',#1855,#1882,#2254,.T.);
#1491=EDGE_CURVE('',#1882,#1883,#130,.T.);
#1492=EDGE_CURVE('',#1883,#1870,#2255,.T.);
#1493=EDGE_CURVE('',#1778,#1793,#2256,.T.);
#1494=EDGE_CURVE('',#1884,#1792,#2257,.T.);
#1495=EDGE_CURVE('',#1884,#1879,#2258,.T.);
#1496=EDGE_CURVE('',#1813,#1884,#2259,.T.);
#1497=EDGE_CURVE('',#1882,#1869,#2260,.T.);
#1498=EDGE_CURVE('',#1848,#1833,#2261,.T.);
#1499=EDGE_CURVE('',#1845,#1836,#2262,.T.);
#1500=EDGE_CURVE('',#1883,#1868,#2263,.T.);
#1501=EDGE_CURVE('',#1846,#1835,#2264,.T.);
#1502=EDGE_CURVE('',#1847,#1834,#2265,.T.);
#1503=EDGE_CURVE('',#1824,#1809,#2266,.T.);
#1504=EDGE_CURVE('',#1823,#1810,#2267,.T.);
#1505=EDGE_CURVE('',#1822,#1811,#2268,.T.);
#1506=EDGE_CURVE('',#1821,#1812,#2269,.T.);
#1507=EDGE_CURVE('',#1879,#1865,#2270,.T.);
#1508=EDGE_CURVE('',#1880,#1864,#2271,.T.);
#1509=EDGE_CURVE('',#1852,#1841,#2272,.T.);
#1510=EDGE_CURVE('',#1850,#1839,#2273,.T.);
#1511=EDGE_CURVE('',#1853,#1840,#2274,.T.);
#1512=EDGE_CURVE('',#1851,#1838,#2275,.T.);
#1513=EDGE_CURVE('',#1826,#1815,#2276,.T.);
#1514=EDGE_CURVE('',#1827,#1814,#2277,.T.);
#1515=EDGE_CURVE('',#1829,#1816,#2278,.T.);
#1516=EDGE_CURVE('',#1828,#1817,#2279,.T.);
#1517=EDGE_CURVE('',#1885,#1778,#2280,.T.);
#1518=EDGE_CURVE('',#1886,#1885,#2281,.T.);
#1519=EDGE_CURVE('',#1886,#1793,#2282,.T.);
#1520=EDGE_CURVE('',#1867,#1887,#131,.T.);
#1521=EDGE_CURVE('',#1866,#1888,#132,.T.);
#1522=EDGE_CURVE('',#1888,#1887,#2283,.T.);
#1523=EDGE_CURVE('',#1887,#1889,#2284,.T.);
#1524=EDGE_CURVE('',#1888,#1890,#2285,.T.);
#1525=EDGE_CURVE('',#1890,#1889,#2286,.T.);
#1526=EDGE_CURVE('',#1889,#1885,#2287,.T.);
#1527=EDGE_CURVE('',#1890,#1886,#2288,.T.);
#1528=EDGE_CURVE('',#1881,#1891,#2289,.T.);
#1529=EDGE_CURVE('',#1892,#1891,#2290,.T.);
#1530=EDGE_CURVE('',#1786,#1892,#2291,.T.);
#1531=EDGE_CURVE('',#1893,#1894,#2292,.T.);
#1532=EDGE_CURVE('',#1894,#1861,#133,.T.);
#1533=EDGE_CURVE('',#1893,#1860,#134,.T.);
#1534=EDGE_CURVE('',#1891,#1895,#2293,.T.);
#1535=EDGE_CURVE('',#1896,#1895,#2294,.T.);
#1536=EDGE_CURVE('',#1892,#1896,#2295,.T.);
#1537=EDGE_CURVE('',#1895,#1894,#2296,.T.);
#1538=EDGE_CURVE('',#1896,#1893,#2297,.T.);
#1539=EDGE_CURVE('',#1863,#1797,#2298,.T.);
#1540=EDGE_CURVE('',#1862,#1881,#2299,.T.);
#1541=EDGE_CURVE('',#1818,#1806,#2300,.T.);
#1542=EDGE_CURVE('',#1819,#1807,#2301,.T.);
#1543=EDGE_CURVE('',#1842,#1830,#2302,.T.);
#1544=EDGE_CURVE('',#1843,#1831,#2303,.T.);
#1545=EDGE_CURVE('',#1897,#1898,#135,.T.);
#1546=EDGE_CURVE('',#1899,#1898,#2304,.T.);
#1547=EDGE_CURVE('',#1900,#1899,#136,.T.);
#1548=EDGE_CURVE('',#1900,#1897,#2305,.T.);
#1549=EDGE_CURVE('',#1901,#1898,#137,.T.);
#1550=EDGE_CURVE('',#1902,#1901,#2306,.T.);
#1551=EDGE_CURVE('',#1902,#1899,#138,.T.);
#1552=EDGE_CURVE('',#1901,#1903,#139,.T.);
#1553=EDGE_CURVE('',#1904,#1903,#2307,.T.);
#1554=EDGE_CURVE('',#1902,#1904,#140,.T.);
#1555=EDGE_CURVE('',#1903,#1905,#2308,.T.);
#1556=EDGE_CURVE('',#1905,#1906,#141,.F.);
#1557=EDGE_CURVE('',#1904,#1906,#2309,.T.);
#1558=EDGE_CURVE('',#1907,#1908,#2310,.T.);
#1559=EDGE_CURVE('',#1907,#1909,#142,.F.);
#1560=EDGE_CURVE('',#1909,#1910,#2311,.T.);
#1561=EDGE_CURVE('',#1908,#1910,#2312,.T.);
#1562=EDGE_CURVE('',#1911,#1910,#143,.T.);
#1563=EDGE_CURVE('',#1912,#1911,#2313,.T.);
#1564=EDGE_CURVE('',#1912,#1908,#144,.T.);
#1565=EDGE_CURVE('',#1911,#1913,#145,.T.);
#1566=EDGE_CURVE('',#1914,#1913,#2314,.T.);
#1567=EDGE_CURVE('',#1912,#1914,#146,.T.);
#1568=EDGE_CURVE('',#1915,#1913,#147,.T.);
#1569=EDGE_CURVE('',#1916,#1915,#2315,.T.);
#1570=EDGE_CURVE('',#1916,#1914,#148,.T.);
#1571=EDGE_CURVE('',#1906,#1907,#2316,.T.);
#1572=EDGE_CURVE('',#1916,#1873,#2317,.T.);
#1573=EDGE_CURVE('',#1871,#1900,#2318,.T.);
#1574=EDGE_CURVE('',#1905,#1909,#2319,.T.);
#1575=EDGE_CURVE('',#1872,#1897,#2320,.T.);
#1576=EDGE_CURVE('',#1915,#1874,#2321,.T.);
#1577=EDGE_CURVE('',#1875,#1917,#2322,.T.);
#1578=EDGE_CURVE('',#1876,#1918,#2323,.T.);
#1579=EDGE_CURVE('',#1917,#1918,#2324,.T.);
#1580=EDGE_CURVE('',#1919,#1920,#2325,.T.);
#1581=EDGE_CURVE('',#1920,#1921,#2326,.T.);
#1582=EDGE_CURVE('',#1921,#1922,#149,.T.);
#1583=EDGE_CURVE('',#1923,#1922,#150,.T.);
#1584=EDGE_CURVE('',#1923,#1924,#151,.T.);
#1585=EDGE_CURVE('',#1924,#1877,#2327,.T.);
#1586=EDGE_CURVE('',#1925,#1917,#152,.T.);
#1587=EDGE_CURVE('',#1925,#1926,#153,.T.);
#1588=EDGE_CURVE('',#1927,#1926,#154,.T.);
#1589=EDGE_CURVE('',#1927,#1919,#2328,.T.);
#1590=EDGE_CURVE('',#1928,#1929,#2329,.T.);
#1591=EDGE_CURVE('',#1930,#1928,#2330,.T.);
#1592=EDGE_CURVE('',#1931,#1930,#2331,.T.);
#1593=EDGE_CURVE('',#1931,#1932,#155,.T.);
#1594=EDGE_CURVE('',#1933,#1932,#156,.T.);
#1595=EDGE_CURVE('',#1933,#1918,#157,.T.);
#1596=EDGE_CURVE('',#1934,#1878,#2332,.T.);
#1597=EDGE_CURVE('',#1935,#1934,#158,.T.);
#1598=EDGE_CURVE('',#1935,#1936,#159,.T.);
#1599=EDGE_CURVE('',#1929,#1936,#160,.T.);
#1600=EDGE_CURVE('',#1924,#1934,#2333,.T.);
#1601=EDGE_CURVE('',#1923,#1935,#2334,.T.);
#1602=EDGE_CURVE('',#1922,#1936,#2335,.T.);
#1603=EDGE_CURVE('',#1921,#1929,#2336,.T.);
#1604=EDGE_CURVE('',#1920,#1928,#161,.F.);
#1605=EDGE_CURVE('',#1930,#1919,#162,.F.);
#1606=EDGE_CURVE('',#1927,#1931,#2337,.T.);
#1607=EDGE_CURVE('',#1926,#1932,#2338,.T.);
#1608=EDGE_CURVE('',#1925,#1933,#2339,.T.);
#1609=EDGE_CURVE('',#1937,#1937,#163,.T.);
#1610=EDGE_CURVE('',#1938,#1938,#164,.T.);
#1611=VERTEX_POINT('',#4808);
#1612=VERTEX_POINT('',#4809);
#1613=VERTEX_POINT('',#4811);
#1614=VERTEX_POINT('',#4813);
#1615=VERTEX_POINT('',#4815);
#1616=VERTEX_POINT('',#4819);
#1617=VERTEX_POINT('',#4820);
#1618=VERTEX_POINT('',#4822);
#1619=VERTEX_POINT('',#4824);
#1620=VERTEX_POINT('',#4828);
#1621=VERTEX_POINT('',#4829);
#1622=VERTEX_POINT('',#4831);
#1623=VERTEX_POINT('',#4833);
#1624=VERTEX_POINT('',#4837);
#1625=VERTEX_POINT('',#4838);
#1626=VERTEX_POINT('',#4840);
#1627=VERTEX_POINT('',#4842);
#1628=VERTEX_POINT('',#4846);
#1629=VERTEX_POINT('',#4847);
#1630=VERTEX_POINT('',#4849);
#1631=VERTEX_POINT('',#4851);
#1632=VERTEX_POINT('',#4855);
#1633=VERTEX_POINT('',#4856);
#1634=VERTEX_POINT('',#4859);
#1635=VERTEX_POINT('',#4861);
#1636=VERTEX_POINT('',#4863);
#1637=VERTEX_POINT('',#4865);
#1638=VERTEX_POINT('',#4868);
#1639=VERTEX_POINT('',#4869);
#1640=VERTEX_POINT('',#4871);
#1641=VERTEX_POINT('',#4873);
#1642=VERTEX_POINT('',#4877);
#1643=VERTEX_POINT('',#4879);
#1644=VERTEX_POINT('',#4881);
#1645=VERTEX_POINT('',#4883);
#1646=VERTEX_POINT('',#4885);
#1647=VERTEX_POINT('',#4887);
#1648=VERTEX_POINT('',#4889);
#1649=VERTEX_POINT('',#4891);
#1650=VERTEX_POINT('',#4893);
#1651=VERTEX_POINT('',#4895);
#1652=VERTEX_POINT('',#4899);
#1653=VERTEX_POINT('',#4900);
#1654=VERTEX_POINT('',#4902);
#1655=VERTEX_POINT('',#4904);
#1656=VERTEX_POINT('',#4907);
#1657=VERTEX_POINT('',#4908);
#1658=VERTEX_POINT('',#4911);
#1659=VERTEX_POINT('',#4913);
#1660=VERTEX_POINT('',#4915);
#1661=VERTEX_POINT('',#4917);
#1662=VERTEX_POINT('',#4921);
#1663=VERTEX_POINT('',#4922);
#1664=VERTEX_POINT('',#4924);
#1665=VERTEX_POINT('',#4926);
#1666=VERTEX_POINT('',#4929);
#1667=VERTEX_POINT('',#4930);
#1668=VERTEX_POINT('',#4933);
#1669=VERTEX_POINT('',#4935);
#1670=VERTEX_POINT('',#4937);
#1671=VERTEX_POINT('',#4939);
#1672=VERTEX_POINT('',#4941);
#1673=VERTEX_POINT('',#4943);
#1674=VERTEX_POINT('',#4945);
#1675=VERTEX_POINT('',#4947);
#1676=VERTEX_POINT('',#4951);
#1677=VERTEX_POINT('',#4953);
#1678=VERTEX_POINT('',#4955);
#1679=VERTEX_POINT('',#4960);
#1680=VERTEX_POINT('',#4962);
#1681=VERTEX_POINT('',#4964);
#1682=VERTEX_POINT('',#4969);
#1683=VERTEX_POINT('',#4971);
#1684=VERTEX_POINT('',#4973);
#1685=VERTEX_POINT('',#4978);
#1686=VERTEX_POINT('',#4980);
#1687=VERTEX_POINT('',#4982);
#1688=VERTEX_POINT('',#4995);
#1689=VERTEX_POINT('',#4996);
#1690=VERTEX_POINT('',#4998);
#1691=VERTEX_POINT('',#5003);
#1692=VERTEX_POINT('',#5004);
#1693=VERTEX_POINT('',#5006);
#1694=VERTEX_POINT('',#5008);
#1695=VERTEX_POINT('',#5010);
#1696=VERTEX_POINT('',#5014);
#1697=VERTEX_POINT('',#5015);
#1698=VERTEX_POINT('',#5017);
#1699=VERTEX_POINT('',#5019);
#1700=VERTEX_POINT('',#5021);
#1701=VERTEX_POINT('',#5025);
#1702=VERTEX_POINT('',#5026);
#1703=VERTEX_POINT('',#5028);
#1704=VERTEX_POINT('',#5030);
#1705=VERTEX_POINT('',#5032);
#1706=VERTEX_POINT('',#5036);
#1707=VERTEX_POINT('',#5038);
#1708=VERTEX_POINT('',#5040);
#1709=VERTEX_POINT('',#5042);
#1710=VERTEX_POINT('',#5044);
#1711=VERTEX_POINT('',#5046);
#1712=VERTEX_POINT('',#5049);
#1713=VERTEX_POINT('',#5062);
#1714=VERTEX_POINT('',#5085);
#1715=VERTEX_POINT('',#5087);
#1716=VERTEX_POINT('',#5091);
#1717=VERTEX_POINT('',#5099);
#1718=VERTEX_POINT('',#5114);
#1719=VERTEX_POINT('',#5116);
#1720=VERTEX_POINT('',#5120);
#1721=VERTEX_POINT('',#5122);
#1722=VERTEX_POINT('',#5131);
#1723=VERTEX_POINT('',#5133);
#1724=VERTEX_POINT('',#5137);
#1725=VERTEX_POINT('',#5139);
#1726=VERTEX_POINT('',#5148);
#1727=VERTEX_POINT('',#5150);
#1728=VERTEX_POINT('',#5154);
#1729=VERTEX_POINT('',#5156);
#1730=VERTEX_POINT('',#5166);
#1731=VERTEX_POINT('',#5170);
#1732=VERTEX_POINT('',#5172);
#1733=VERTEX_POINT('',#5182);
#1734=VERTEX_POINT('',#5183);
#1735=VERTEX_POINT('',#5185);
#1736=VERTEX_POINT('',#5187);
#1737=VERTEX_POINT('',#5191);
#1738=VERTEX_POINT('',#5193);
#1739=VERTEX_POINT('',#5197);
#1740=VERTEX_POINT('',#5199);
#1741=VERTEX_POINT('',#5206);
#1742=VERTEX_POINT('',#5208);
#1743=VERTEX_POINT('',#5210);
#1744=VERTEX_POINT('',#5212);
#1745=VERTEX_POINT('',#5214);
#1746=VERTEX_POINT('',#5216);
#1747=VERTEX_POINT('',#5220);
#1748=VERTEX_POINT('',#5223);
#1749=VERTEX_POINT('',#5226);
#1750=VERTEX_POINT('',#5229);
#1751=VERTEX_POINT('',#5232);
#1752=VERTEX_POINT('',#5235);
#1753=VERTEX_POINT('',#5238);
#1754=VERTEX_POINT('',#5242);
#1755=VERTEX_POINT('',#5246);
#1756=VERTEX_POINT('',#5250);
#1757=VERTEX_POINT('',#5253);
#1758=VERTEX_POINT('',#5256);
#1759=VERTEX_POINT('',#5259);
#1760=VERTEX_POINT('',#5262);
#1761=VERTEX_POINT('',#5265);
#1762=VERTEX_POINT('',#5268);
#1763=VERTEX_POINT('',#5272);
#1764=VERTEX_POINT('',#5276);
#1765=VERTEX_POINT('',#5281);
#1766=VERTEX_POINT('',#5282);
#1767=VERTEX_POINT('',#5284);
#1768=VERTEX_POINT('',#5286);
#1769=VERTEX_POINT('',#5288);
#1770=VERTEX_POINT('',#5290);
#1771=VERTEX_POINT('',#5292);
#1772=VERTEX_POINT('',#5294);
#1773=VERTEX_POINT('',#5298);
#1774=VERTEX_POINT('',#5299);
#1775=VERTEX_POINT('',#5301);
#1776=VERTEX_POINT('',#5303);
#1777=VERTEX_POINT('',#5305);
#1778=VERTEX_POINT('',#5307);
#1779=VERTEX_POINT('',#5309);
#1780=VERTEX_POINT('',#5311);
#1781=VERTEX_POINT('',#5315);
#1782=VERTEX_POINT('',#5316);
#1783=VERTEX_POINT('',#5318);
#1784=VERTEX_POINT('',#5320);
#1785=VERTEX_POINT('',#5322);
#1786=VERTEX_POINT('',#5324);
#1787=VERTEX_POINT('',#5326);
#1788=VERTEX_POINT('',#5328);
#1789=VERTEX_POINT('',#5332);
#1790=VERTEX_POINT('',#5333);
#1791=VERTEX_POINT('',#5335);
#1792=VERTEX_POINT('',#5337);
#1793=VERTEX_POINT('',#5339);
#1794=VERTEX_POINT('',#5341);
#1795=VERTEX_POINT('',#5343);
#1796=VERTEX_POINT('',#5345);
#1797=VERTEX_POINT('',#5349);
#1798=VERTEX_POINT('',#5350);
#1799=VERTEX_POINT('',#5353);
#1800=VERTEX_POINT('',#5357);
#1801=VERTEX_POINT('',#5358);
#1802=VERTEX_POINT('',#5360);
#1803=VERTEX_POINT('',#5362);
#1804=VERTEX_POINT('',#5366);
#1805=VERTEX_POINT('',#5368);
#1806=VERTEX_POINT('',#5375);
#1807=VERTEX_POINT('',#5377);
#1808=VERTEX_POINT('',#5380);
#1809=VERTEX_POINT('',#5382);
#1810=VERTEX_POINT('',#5384);
#1811=VERTEX_POINT('',#5386);
#1812=VERTEX_POINT('',#5388);
#1813=VERTEX_POINT('',#5390);
#1814=VERTEX_POINT('',#5393);
#1815=VERTEX_POINT('',#5394);
#1816=VERTEX_POINT('',#5396);
#1817=VERTEX_POINT('',#5398);
#1818=VERTEX_POINT('',#5402);
#1819=VERTEX_POINT('',#5403);
#1820=VERTEX_POINT('',#5406);
#1821=VERTEX_POINT('',#5408);
#1822=VERTEX_POINT('',#5410);
#1823=VERTEX_POINT('',#5412);
#1824=VERTEX_POINT('',#5414);
#1825=VERTEX_POINT('',#5416);
#1826=VERTEX_POINT('',#5420);
#1827=VERTEX_POINT('',#5421);
#1828=VERTEX_POINT('',#5423);
#1829=VERTEX_POINT('',#5425);
#1830=VERTEX_POINT('',#5429);
#1831=VERTEX_POINT('',#5431);
#1832=VERTEX_POINT('',#5434);
#1833=VERTEX_POINT('',#5436);
#1834=VERTEX_POINT('',#5438);
#1835=VERTEX_POINT('',#5440);
#1836=VERTEX_POINT('',#5442);
#1837=VERTEX_POINT('',#5444);
#1838=VERTEX_POINT('',#5447);
#1839=VERTEX_POINT('',#5448);
#1840=VERTEX_POINT('',#5450);
#1841=VERTEX_POINT('',#5452);
#1842=VERTEX_POINT('',#5456);
#1843=VERTEX_POINT('',#5457);
#1844=VERTEX_POINT('',#5460);
#1845=VERTEX_POINT('',#5462);
#1846=VERTEX_POINT('',#5464);
#1847=VERTEX_POINT('',#5466);
#1848=VERTEX_POINT('',#5468);
#1849=VERTEX_POINT('',#5470);
#1850=VERTEX_POINT('',#5474);
#1851=VERTEX_POINT('',#5475);
#1852=VERTEX_POINT('',#5477);
#1853=VERTEX_POINT('',#5479);
#1854=VERTEX_POINT('',#5483);
#1855=VERTEX_POINT('',#5487);
#1856=VERTEX_POINT('',#5491);
#1857=VERTEX_POINT('',#5495);
#1858=VERTEX_POINT('',#5499);
#1859=VERTEX_POINT('',#5503);
#1860=VERTEX_POINT('',#5507);
#1861=VERTEX_POINT('',#5508);
#1862=VERTEX_POINT('',#5510);
#1863=VERTEX_POINT('',#5512);
#1864=VERTEX_POINT('',#5516);
#1865=VERTEX_POINT('',#5518);
#1866=VERTEX_POINT('',#5521);
#1867=VERTEX_POINT('',#5523);
#1868=VERTEX_POINT('',#5526);
#1869=VERTEX_POINT('',#5528);
#1870=VERTEX_POINT('',#5533);
#1871=VERTEX_POINT('',#5537);
#1872=VERTEX_POINT('',#5538);
#1873=VERTEX_POINT('',#5540);
#1874=VERTEX_POINT('',#5542);
#1875=VERTEX_POINT('',#5545);
#1876=VERTEX_POINT('',#5546);
#1877=VERTEX_POINT('',#5548);
#1878=VERTEX_POINT('',#5550);
#1879=VERTEX_POINT('',#5553);
#1880=VERTEX_POINT('',#5554);
#1881=VERTEX_POINT('',#5557);
#1882=VERTEX_POINT('',#5560);
#1883=VERTEX_POINT('',#5562);
#1884=VERTEX_POINT('',#5566);
#1885=VERTEX_POINT('',#5612);
#1886=VERTEX_POINT('',#5614);
#1887=VERTEX_POINT('',#5618);
#1888=VERTEX_POINT('',#5620);
#1889=VERTEX_POINT('',#5624);
#1890=VERTEX_POINT('',#5626);
#1891=VERTEX_POINT('',#5635);
#1892=VERTEX_POINT('',#5637);
#1893=VERTEX_POINT('',#5641);
#1894=VERTEX_POINT('',#5642);
#1895=VERTEX_POINT('',#5647);
#1896=VERTEX_POINT('',#5649);
#1897=VERTEX_POINT('',#5673);
#1898=VERTEX_POINT('',#5674);
#1899=VERTEX_POINT('',#5676);
#1900=VERTEX_POINT('',#5678);
#1901=VERTEX_POINT('',#5682);
#1902=VERTEX_POINT('',#5684);
#1903=VERTEX_POINT('',#5688);
#1904=VERTEX_POINT('',#5690);
#1905=VERTEX_POINT('',#5694);
#1906=VERTEX_POINT('',#5696);
#1907=VERTEX_POINT('',#5700);
#1908=VERTEX_POINT('',#5701);
#1909=VERTEX_POINT('',#5703);
#1910=VERTEX_POINT('',#5705);
#1911=VERTEX_POINT('',#5709);
#1912=VERTEX_POINT('',#5711);
#1913=VERTEX_POINT('',#5715);
#1914=VERTEX_POINT('',#5717);
#1915=VERTEX_POINT('',#5721);
#1916=VERTEX_POINT('',#5723);
#1917=VERTEX_POINT('',#5737);
#1918=VERTEX_POINT('',#5739);
#1919=VERTEX_POINT('',#5743);
#1920=VERTEX_POINT('',#5744);
#1921=VERTEX_POINT('',#5746);
#1922=VERTEX_POINT('',#5748);
#1923=VERTEX_POINT('',#5750);
#1924=VERTEX_POINT('',#5752);
#1925=VERTEX_POINT('',#5755);
#1926=VERTEX_POINT('',#5757);
#1927=VERTEX_POINT('',#5759);
#1928=VERTEX_POINT('',#5763);
#1929=VERTEX_POINT('',#5764);
#1930=VERTEX_POINT('',#5766);
#1931=VERTEX_POINT('',#5768);
#1932=VERTEX_POINT('',#5770);
#1933=VERTEX_POINT('',#5772);
#1934=VERTEX_POINT('',#5775);
#1935=VERTEX_POINT('',#5777);
#1936=VERTEX_POINT('',#5779);
#1937=VERTEX_POINT('',#5804);
#1938=VERTEX_POINT('',#5807);
#1939=VERTEX_POINT('',#5809);
#1940=LINE('',#4807,#2340);
#1941=LINE('',#4810,#2341);
#1942=LINE('',#4812,#2342);
#1943=LINE('',#4814,#2343);
#1944=LINE('',#4816,#2344);
#1945=LINE('',#4818,#2345);
#1946=LINE('',#4821,#2346);
#1947=LINE('',#4823,#2347);
#1948=LINE('',#4825,#2348);
#1949=LINE('',#4827,#2349);
#1950=LINE('',#4830,#2350);
#1951=LINE('',#4832,#2351);
#1952=LINE('',#4834,#2352);
#1953=LINE('',#4836,#2353);
#1954=LINE('',#4839,#2354);
#1955=LINE('',#4841,#2355);
#1956=LINE('',#4843,#2356);
#1957=LINE('',#4845,#2357);
#1958=LINE('',#4848,#2358);
#1959=LINE('',#4850,#2359);
#1960=LINE('',#4852,#2360);
#1961=LINE('',#4854,#2361);
#1962=LINE('',#4857,#2362);
#1963=LINE('',#4858,#2363);
#1964=LINE('',#4860,#2364);
#1965=LINE('',#4862,#2365);
#1966=LINE('',#4864,#2366);
#1967=LINE('',#4866,#2367);
#1968=LINE('',#4867,#2368);
#1969=LINE('',#4870,#2369);
#1970=LINE('',#4872,#2370);
#1971=LINE('',#4874,#2371);
#1972=LINE('',#4876,#2372);
#1973=LINE('',#4878,#2373);
#1974=LINE('',#4880,#2374);
#1975=LINE('',#4882,#2375);
#1976=LINE('',#4884,#2376);
#1977=LINE('',#4886,#2377);
#1978=LINE('',#4888,#2378);
#1979=LINE('',#4890,#2379);
#1980=LINE('',#4892,#2380);
#1981=LINE('',#4894,#2381);
#1982=LINE('',#4896,#2382);
#1983=LINE('',#4898,#2383);
#1984=LINE('',#4901,#2384);
#1985=LINE('',#4903,#2385);
#1986=LINE('',#4905,#2386);
#1987=LINE('',#4906,#2387);
#1988=LINE('',#4909,#2388);
#1989=LINE('',#4910,#2389);
#1990=LINE('',#4912,#2390);
#1991=LINE('',#4914,#2391);
#1992=LINE('',#4916,#2392);
#1993=LINE('',#4918,#2393);
#1994=LINE('',#4920,#2394);
#1995=LINE('',#4923,#2395);
#1996=LINE('',#4925,#2396);
#1997=LINE('',#4927,#2397);
#1998=LINE('',#4928,#2398);
#1999=LINE('',#4931,#2399);
#2000=LINE('',#4932,#2400);
#2001=LINE('',#4934,#2401);
#2002=LINE('',#4936,#2402);
#2003=LINE('',#4938,#2403);
#2004=LINE('',#4940,#2404);
#2005=LINE('',#4942,#2405);
#2006=LINE('',#4944,#2406);
#2007=LINE('',#4946,#2407);
#2008=LINE('',#4948,#2408);
#2009=LINE('',#4950,#2409);
#2010=LINE('',#4952,#2410);
#2011=LINE('',#4954,#2411);
#2012=LINE('',#4956,#2412);
#2013=LINE('',#4957,#2413);
#2014=LINE('',#4959,#2414);
#2015=LINE('',#4961,#2415);
#2016=LINE('',#4963,#2416);
#2017=LINE('',#4965,#2417);
#2018=LINE('',#4966,#2418);
#2019=LINE('',#4968,#2419);
#2020=LINE('',#4970,#2420);
#2021=LINE('',#4972,#2421);
#2022=LINE('',#4974,#2422);
#2023=LINE('',#4975,#2423);
#2024=LINE('',#4977,#2424);
#2025=LINE('',#4979,#2425);
#2026=LINE('',#4981,#2426);
#2027=LINE('',#4983,#2427);
#2028=LINE('',#4984,#2428);
#2029=LINE('',#4986,#2429);
#2030=LINE('',#4987,#2430);
#2031=LINE('',#4988,#2431);
#2032=LINE('',#4990,#2432);
#2033=LINE('',#4991,#2433);
#2034=LINE('',#4992,#2434);
#2035=LINE('',#4994,#2435);
#2036=LINE('',#4997,#2436);
#2037=LINE('',#4999,#2437);
#2038=LINE('',#5000,#2438);
#2039=LINE('',#5002,#2439);
#2040=LINE('',#5005,#2440);
#2041=LINE('',#5007,#2441);
#2042=LINE('',#5009,#2442);
#2043=LINE('',#5011,#2443);
#2044=LINE('',#5013,#2444);
#2045=LINE('',#5016,#2445);
#2046=LINE('',#5018,#2446);
#2047=LINE('',#5020,#2447);
#2048=LINE('',#5022,#2448);
#2049=LINE('',#5024,#2449);
#2050=LINE('',#5027,#2450);
#2051=LINE('',#5029,#2451);
#2052=LINE('',#5031,#2452);
#2053=LINE('',#5033,#2453);
#2054=LINE('',#5035,#2454);
#2055=LINE('',#5037,#2455);
#2056=LINE('',#5039,#2456);
#2057=LINE('',#5041,#2457);
#2058=LINE('',#5043,#2458);
#2059=LINE('',#5045,#2459);
#2060=LINE('',#5047,#2460);
#2061=LINE('',#5051,#2461);
#2062=LINE('',#5052,#2462);
#2063=LINE('',#5054,#2463);
#2064=LINE('',#5055,#2464);
#2065=LINE('',#5057,#2465);
#2066=LINE('',#5058,#2466);
#2067=LINE('',#5059,#2467);
#2068=LINE('',#5061,#2468);
#2069=LINE('',#5063,#2469);
#2070=LINE('',#5064,#2470);
#2071=LINE('',#5066,#2471);
#2072=LINE('',#5067,#2472);
#2073=LINE('',#5068,#2473);
#2074=LINE('',#5070,#2474);
#2075=LINE('',#5071,#2475);
#2076=LINE('',#5081,#2476);
#2077=LINE('',#5083,#2477);
#2078=LINE('',#5084,#2478);
#2079=LINE('',#5086,#2479);
#2080=LINE('',#5088,#2480);
#2081=LINE('',#5090,#2481);
#2082=LINE('',#5092,#2482);
#2083=LINE('',#5093,#2483);
#2084=LINE('',#5094,#2484);
#2085=LINE('',#5098,#2485);
#2086=LINE('',#5100,#2486);
#2087=LINE('',#5101,#2487);
#2088=LINE('',#5102,#2488);
#2089=LINE('',#5106,#2489);
#2090=LINE('',#5107,#2490);
#2091=LINE('',#5108,#2491);
#2092=LINE('',#5113,#2492);
#2093=LINE('',#5115,#2493);
#2094=LINE('',#5117,#2494);
#2095=LINE('',#5119,#2495);
#2096=LINE('',#5121,#2496);
#2097=LINE('',#5123,#2497);
#2098=LINE('',#5125,#2498);
#2099=LINE('',#5126,#2499);
#2100=LINE('',#5130,#2500);
#2101=LINE('',#5132,#2501);
#2102=LINE('',#5134,#2502);
#2103=LINE('',#5136,#2503);
#2104=LINE('',#5138,#2504);
#2105=LINE('',#5140,#2505);
#2106=LINE('',#5142,#2506);
#2107=LINE('',#5143,#2507);
#2108=LINE('',#5147,#2508);
#2109=LINE('',#5149,#2509);
#2110=LINE('',#5151,#2510);
#2111=LINE('',#5153,#2511);
#2112=LINE('',#5155,#2512);
#2113=LINE('',#5157,#2513);
#2114=LINE('',#5159,#2514);
#2115=LINE('',#5160,#2515);
#2116=LINE('',#5169,#2516);
#2117=LINE('',#5171,#2517);
#2118=LINE('',#5173,#2518);
#2119=LINE('',#5175,#2519);
#2120=LINE('',#5177,#2520);
#2121=LINE('',#5181,#2521);
#2122=LINE('',#5184,#2522);
#2123=LINE('',#5186,#2523);
#2124=LINE('',#5188,#2524);
#2125=LINE('',#5190,#2525);
#2126=LINE('',#5192,#2526);
#2127=LINE('',#5194,#2527);
#2128=LINE('',#5196,#2528);
#2129=LINE('',#5198,#2529);
#2130=LINE('',#5200,#2530);
#2131=LINE('',#5202,#2531);
#2132=LINE('',#5203,#2532);
#2133=LINE('',#5280,#2533);
#2134=LINE('',#5283,#2534);
#2135=LINE('',#5285,#2535);
#2136=LINE('',#5289,#2536);
#2137=LINE('',#5291,#2537);
#2138=LINE('',#5293,#2538);
#2139=LINE('',#5295,#2539);
#2140=LINE('',#5297,#2540);
#2141=LINE('',#5300,#2541);
#2142=LINE('',#5304,#2542);
#2143=LINE('',#5306,#2543);
#2144=LINE('',#5308,#2544);
#2145=LINE('',#5310,#2545);
#2146=LINE('',#5312,#2546);
#2147=LINE('',#5314,#2547);
#2148=LINE('',#5317,#2548);
#2149=LINE('',#5319,#2549);
#2150=LINE('',#5321,#2550);
#2151=LINE('',#5323,#2551);
#2152=LINE('',#5325,#2552);
#2153=LINE('',#5327,#2553);
#2154=LINE('',#5331,#2554);
#2155=LINE('',#5334,#2555);
#2156=LINE('',#5336,#2556);
#2157=LINE('',#5338,#2557);
#2158=LINE('',#5340,#2558);
#2159=LINE('',#5342,#2559);
#2160=LINE('',#5346,#2560);
#2161=LINE('',#5348,#2561);
#2162=LINE('',#5351,#2562);
#2163=LINE('',#5352,#2563);
#2164=LINE('',#5354,#2564);
#2165=LINE('',#5359,#2565);
#2166=LINE('',#5363,#2566);
#2167=LINE('',#5365,#2567);
#2168=LINE('',#5367,#2568);
#2169=LINE('',#5369,#2569);
#2170=LINE('',#5371,#2570);
#2171=LINE('',#5372,#2571);
#2172=LINE('',#5376,#2572);
#2173=LINE('',#5379,#2573);
#2174=LINE('',#5381,#2574);
#2175=LINE('',#5383,#2575);
#2176=LINE('',#5385,#2576);
#2177=LINE('',#5387,#2577);
#2178=LINE('',#5389,#2578);
#2179=LINE('',#5391,#2579);
#2180=LINE('',#5392,#2580);
#2181=LINE('',#5395,#2581);
#2182=LINE('',#5397,#2582);
#2183=LINE('',#5399,#2583);
#2184=LINE('',#5401,#2584);
#2185=LINE('',#5405,#2585);
#2186=LINE('',#5407,#2586);
#2187=LINE('',#5409,#2587);
#2188=LINE('',#5411,#2588);
#2189=LINE('',#5413,#2589);
#2190=LINE('',#5415,#2590);
#2191=LINE('',#5417,#2591);
#2192=LINE('',#5419,#2592);
#2193=LINE('',#5422,#2593);
#2194=LINE('',#5424,#2594);
#2195=LINE('',#5426,#2595);
#2196=LINE('',#5430,#2596);
#2197=LINE('',#5433,#2597);
#2198=LINE('',#5435,#2598);
#2199=LINE('',#5437,#2599);
#2200=LINE('',#5439,#2600);
#2201=LINE('',#5441,#2601);
#2202=LINE('',#5443,#2602);
#2203=LINE('',#5445,#2603);
#2204=LINE('',#5446,#2604);
#2205=LINE('',#5449,#2605);
#2206=LINE('',#5451,#2606);
#2207=LINE('',#5453,#2607);
#2208=LINE('',#5455,#2608);
#2209=LINE('',#5459,#2609);
#2210=LINE('',#5461,#2610);
#2211=LINE('',#5463,#2611);
#2212=LINE('',#5465,#2612);
#2213=LINE('',#5467,#2613);
#2214=LINE('',#5469,#2614);
#2215=LINE('',#5471,#2615);
#2216=LINE('',#5473,#2616);
#2217=LINE('',#5476,#2617);
#2218=LINE('',#5478,#2618);
#2219=LINE('',#5480,#2619);
#2220=LINE('',#5482,#2620);
#2221=LINE('',#5484,#2621);
#2222=LINE('',#5486,#2622);
#2223=LINE('',#5488,#2623);
#2224=LINE('',#5490,#2624);
#2225=LINE('',#5496,#2625);
#2226=LINE('',#5500,#2626);
#2227=LINE('',#5502,#2627);
#2228=LINE('',#5506,#2628);
#2229=LINE('',#5509,#2629);
#2230=LINE('',#5511,#2630);
#2231=LINE('',#5513,#2631);
#2232=LINE('',#5514,#2632);
#2233=LINE('',#5515,#2633);
#2234=LINE('',#5519,#2634);
#2235=LINE('',#5520,#2635);
#2236=LINE('',#5522,#2636);
#2237=LINE('',#5524,#2637);
#2238=LINE('',#5525,#2638);
#2239=LINE('',#5529,#2639);
#2240=LINE('',#5530,#2640);
#2241=LINE('',#5532,#2641);
#2242=LINE('',#5534,#2642);
#2243=LINE('',#5536,#2643);
#2244=LINE('',#5539,#2644);
#2245=LINE('',#5541,#2645);
#2246=LINE('',#5543,#2646);
#2247=LINE('',#5544,#2647);
#2248=LINE('',#5547,#2648);
#2249=LINE('',#5549,#2649);
#2250=LINE('',#5551,#2650);
#2251=LINE('',#5555,#2651);
#2252=LINE('',#5556,#2652);
#2253=LINE('',#5558,#2653);
#2254=LINE('',#5559,#2654);
#2255=LINE('',#5563,#2655);
#2256=LINE('',#5564,#2656);
#2257=LINE('',#5565,#2657);
#2258=LINE('',#5567,#2658);
#2259=LINE('',#5569,#2659);
#2260=LINE('',#5571,#2660);
#2261=LINE('',#5572,#2661);
#2262=LINE('',#5574,#2662);
#2263=LINE('',#5575,#2663);
#2264=LINE('',#5577,#2664);
#2265=LINE('',#5579,#2665);
#2266=LINE('',#5582,#2666);
#2267=LINE('',#5583,#2667);
#2268=LINE('',#5585,#2668);
#2269=LINE('',#5587,#2669);
#2270=LINE('',#5589,#2670);
#2271=LINE('',#5591,#2671);
#2272=LINE('',#5595,#2672);
#2273=LINE('',#5596,#2673);
#2274=LINE('',#5598,#2674);
#2275=LINE('',#5600,#2675);
#2276=LINE('',#5603,#2676);
#2277=LINE('',#5604,#2677);
#2278=LINE('',#5606,#2678);
#2279=LINE('',#5608,#2679);
#2280=LINE('',#5611,#2680);
#2281=LINE('',#5613,#2681);
#2282=LINE('',#5615,#2682);
#2283=LINE('',#5621,#2683);
#2284=LINE('',#5623,#2684);
#2285=LINE('',#5625,#2685);
#2286=LINE('',#5627,#2686);
#2287=LINE('',#5629,#2687);
#2288=LINE('',#5630,#2688);
#2289=LINE('',#5634,#2689);
#2290=LINE('',#5636,#2690);
#2291=LINE('',#5638,#2691);
#2292=LINE('',#5640,#2692);
#2293=LINE('',#5646,#2693);
#2294=LINE('',#5648,#2694);
#2295=LINE('',#5650,#2695);
#2296=LINE('',#5652,#2696);
#2297=LINE('',#5653,#2697);
#2298=LINE('',#5657,#2698);
#2299=LINE('',#5658,#2699);
#2300=LINE('',#5662,#2700);
#2301=LINE('',#5664,#2701);
#2302=LINE('',#5667,#2702);
#2303=LINE('',#5668,#2703);
#2304=LINE('',#5675,#2704);
#2305=LINE('',#5679,#2705);
#2306=LINE('',#5683,#2706);
#2307=LINE('',#5689,#2707);
#2308=LINE('',#5693,#2708);
#2309=LINE('',#5697,#2709);
#2310=LINE('',#5699,#2710);
#2311=LINE('',#5704,#2711);
#2312=LINE('',#5706,#2712);
#2313=LINE('',#5710,#2713);
#2314=LINE('',#5716,#2714);
#2315=LINE('',#5722,#2715);
#2316=LINE('',#5726,#2716);
#2317=LINE('',#5727,#2717);
#2318=LINE('',#5728,#2718);
#2319=LINE('',#5730,#2719);
#2320=LINE('',#5731,#2720);
#2321=LINE('',#5732,#2721);
#2322=LINE('',#5736,#2722);
#2323=LINE('',#5738,#2723);
#2324=LINE('',#5740,#2724);
#2325=LINE('',#5742,#2725);
#2326=LINE('',#5745,#2726);
#2327=LINE('',#5753,#2727);
#2328=LINE('',#5760,#2728);
#2329=LINE('',#5762,#2729);
#2330=LINE('',#5765,#2730);
#2331=LINE('',#5767,#2731);
#2332=LINE('',#5774,#2732);
#2333=LINE('',#5782,#2733);
#2334=LINE('',#5784,#2734);
#2335=LINE('',#5786,#2735);
#2336=LINE('',#5788,#2736);
#2337=LINE('',#5793,#2737);
#2338=LINE('',#5795,#2738);
#2339=LINE('',#5797,#2739);
#2340=VECTOR('',#3855,39.3700787401575);
#2341=VECTOR('',#3856,39.3700787401575);
#2342=VECTOR('',#3857,39.3700787401575);
#2343=VECTOR('',#3858,39.3700787401575);
#2344=VECTOR('',#3859,39.3700787401575);
#2345=VECTOR('',#3862,39.3700787401575);
#2346=VECTOR('',#3863,39.3700787401575);
#2347=VECTOR('',#3864,39.3700787401575);
#2348=VECTOR('',#3865,39.3700787401575);
#2349=VECTOR('',#3868,39.3700787401575);
#2350=VECTOR('',#3869,39.3700787401575);
#2351=VECTOR('',#3870,39.3700787401575);
#2352=VECTOR('',#3871,39.3700787401575);
#2353=VECTOR('',#3874,39.3700787401575);
#2354=VECTOR('',#3875,39.3700787401575);
#2355=VECTOR('',#3876,39.3700787401575);
#2356=VECTOR('',#3877,39.3700787401575);
#2357=VECTOR('',#3880,39.3700787401575);
#2358=VECTOR('',#3881,39.3700787401575);
#2359=VECTOR('',#3882,39.3700787401575);
#2360=VECTOR('',#3883,39.3700787401575);
#2361=VECTOR('',#3886,39.3700787401575);
#2362=VECTOR('',#3887,39.3700787401575);
#2363=VECTOR('',#3888,39.3700787401575);
#2364=VECTOR('',#3889,39.3700787401575);
#2365=VECTOR('',#3890,39.3700787401575);
#2366=VECTOR('',#3891,39.3700787401575);
#2367=VECTOR('',#3892,39.3700787401575);
#2368=VECTOR('',#3893,39.3700787401575);
#2369=VECTOR('',#3894,39.3700787401575);
#2370=VECTOR('',#3895,39.3700787401575);
#2371=VECTOR('',#3896,39.3700787401575);
#2372=VECTOR('',#3899,39.3700787401575);
#2373=VECTOR('',#3900,39.3700787401575);
#2374=VECTOR('',#3901,39.3700787401575);
#2375=VECTOR('',#3902,39.3700787401575);
#2376=VECTOR('',#3903,39.3700787401575);
#2377=VECTOR('',#3904,39.3700787401575);
#2378=VECTOR('',#3905,39.3700787401575);
#2379=VECTOR('',#3906,39.3700787401575);
#2380=VECTOR('',#3907,39.3700787401575);
#2381=VECTOR('',#3908,39.3700787401575);
#2382=VECTOR('',#3909,39.3700787401575);
#2383=VECTOR('',#3912,39.3700787401575);
#2384=VECTOR('',#3913,39.3700787401575);
#2385=VECTOR('',#3914,39.3700787401575);
#2386=VECTOR('',#3915,39.3700787401575);
#2387=VECTOR('',#3916,39.3700787401575);
#2388=VECTOR('',#3917,39.3700787401575);
#2389=VECTOR('',#3918,39.3700787401575);
#2390=VECTOR('',#3919,39.3700787401575);
#2391=VECTOR('',#3920,39.3700787401575);
#2392=VECTOR('',#3921,39.3700787401575);
#2393=VECTOR('',#3922,39.3700787401575);
#2394=VECTOR('',#3925,39.3700787401575);
#2395=VECTOR('',#3926,39.3700787401575);
#2396=VECTOR('',#3927,39.3700787401575);
#2397=VECTOR('',#3928,39.3700787401575);
#2398=VECTOR('',#3929,39.3700787401575);
#2399=VECTOR('',#3930,39.3700787401575);
#2400=VECTOR('',#3931,39.3700787401575);
#2401=VECTOR('',#3932,39.3700787401575);
#2402=VECTOR('',#3933,39.3700787401575);
#2403=VECTOR('',#3934,39.3700787401575);
#2404=VECTOR('',#3935,39.3700787401575);
#2405=VECTOR('',#3936,39.3700787401575);
#2406=VECTOR('',#3937,39.3700787401575);
#2407=VECTOR('',#3938,39.3700787401575);
#2408=VECTOR('',#3939,39.3700787401575);
#2409=VECTOR('',#3942,39.3700787401575);
#2410=VECTOR('',#3943,39.3700787401575);
#2411=VECTOR('',#3944,39.3700787401575);
#2412=VECTOR('',#3945,39.3700787401575);
#2413=VECTOR('',#3946,39.3700787401575);
#2414=VECTOR('',#3949,39.3700787401575);
#2415=VECTOR('',#3950,39.3700787401575);
#2416=VECTOR('',#3951,39.3700787401575);
#2417=VECTOR('',#3952,39.3700787401575);
#2418=VECTOR('',#3953,39.3700787401575);
#2419=VECTOR('',#3956,39.3700787401575);
#2420=VECTOR('',#3957,39.3700787401575);
#2421=VECTOR('',#3958,39.3700787401575);
#2422=VECTOR('',#3959,39.3700787401575);
#2423=VECTOR('',#3960,39.3700787401575);
#2424=VECTOR('',#3963,39.3700787401575);
#2425=VECTOR('',#3964,39.3700787401575);
#2426=VECTOR('',#3965,39.3700787401575);
#2427=VECTOR('',#3966,39.3700787401575);
#2428=VECTOR('',#3967,39.3700787401575);
#2429=VECTOR('',#3970,39.3700787401575);
#2430=VECTOR('',#3971,39.3700787401575);
#2431=VECTOR('',#3972,39.3700787401575);
#2432=VECTOR('',#3975,39.3700787401575);
#2433=VECTOR('',#3976,39.3700787401575);
#2434=VECTOR('',#3977,39.3700787401575);
#2435=VECTOR('',#3980,39.3700787401575);
#2436=VECTOR('',#3981,39.3700787401575);
#2437=VECTOR('',#3982,39.3700787401575);
#2438=VECTOR('',#3983,39.3700787401575);
#2439=VECTOR('',#3986,39.3700787401575);
#2440=VECTOR('',#3987,39.3700787401575);
#2441=VECTOR('',#3988,39.3700787401575);
#2442=VECTOR('',#3989,39.3700787401575);
#2443=VECTOR('',#3990,39.3700787401575);
#2444=VECTOR('',#3993,39.3700787401575);
#2445=VECTOR('',#3994,39.3700787401575);
#2446=VECTOR('',#3995,39.3700787401575);
#2447=VECTOR('',#3996,39.3700787401575);
#2448=VECTOR('',#3997,39.3700787401575);
#2449=VECTOR('',#4000,39.3700787401575);
#2450=VECTOR('',#4001,39.3700787401575);
#2451=VECTOR('',#4002,39.3700787401575);
#2452=VECTOR('',#4003,39.3700787401575);
#2453=VECTOR('',#4004,39.3700787401575);
#2454=VECTOR('',#4007,39.3700787401575);
#2455=VECTOR('',#4008,39.3700787401575);
#2456=VECTOR('',#4009,39.3700787401575);
#2457=VECTOR('',#4010,39.3700787401575);
#2458=VECTOR('',#4011,39.3700787401575);
#2459=VECTOR('',#4012,39.3700787401575);
#2460=VECTOR('',#4013,39.3700787401575);
#2461=VECTOR('',#4018,39.3700787401575);
#2462=VECTOR('',#4019,39.3700787401575);
#2463=VECTOR('',#4022,39.3700787401575);
#2464=VECTOR('',#4023,39.3700787401575);
#2465=VECTOR('',#4026,39.3700787401575);
#2466=VECTOR('',#4027,39.3700787401575);
#2467=VECTOR('',#4028,39.3700787401575);
#2468=VECTOR('',#4031,39.3700787401575);
#2469=VECTOR('',#4032,39.3700787401575);
#2470=VECTOR('',#4033,39.3700787401575);
#2471=VECTOR('',#4036,39.3700787401575);
#2472=VECTOR('',#4037,39.3700787401575);
#2473=VECTOR('',#4038,39.3700787401575);
#2474=VECTOR('',#4041,39.3700787401575);
#2475=VECTOR('',#4042,39.3700787401575);
#2476=VECTOR('',#4061,39.3700787401575);
#2477=VECTOR('',#4064,39.3700787401575);
#2478=VECTOR('',#4065,39.3700787401575);
#2479=VECTOR('',#4066,39.3700787401575);
#2480=VECTOR('',#4067,39.3700787401575);
#2481=VECTOR('',#4070,39.3700787401575);
#2482=VECTOR('',#4071,39.3700787401575);
#2483=VECTOR('',#4072,39.3700787401575);
#2484=VECTOR('',#4073,39.3700787401575);
#2485=VECTOR('',#4080,39.3700787401575);
#2486=VECTOR('',#4081,39.3700787401575);
#2487=VECTOR('',#4082,39.3700787401575);
#2488=VECTOR('',#4083,39.3700787401575);
#2489=VECTOR('',#4090,39.3700787401575);
#2490=VECTOR('',#4091,39.3700787401575);
#2491=VECTOR('',#4092,39.3700787401575);
#2492=VECTOR('',#4101,39.3700787401575);
#2493=VECTOR('',#4102,39.3700787401575);
#2494=VECTOR('',#4103,39.3700787401575);
#2495=VECTOR('',#4106,39.3700787401575);
#2496=VECTOR('',#4107,39.3700787401575);
#2497=VECTOR('',#4108,39.3700787401575);
#2498=VECTOR('',#4111,39.3700787401575);
#2499=VECTOR('',#4112,39.3700787401575);
#2500=VECTOR('',#4119,39.3700787401575);
#2501=VECTOR('',#4120,39.3700787401575);
#2502=VECTOR('',#4121,39.3700787401575);
#2503=VECTOR('',#4124,39.3700787401575);
#2504=VECTOR('',#4125,39.3700787401575);
#2505=VECTOR('',#4126,39.3700787401575);
#2506=VECTOR('',#4129,39.3700787401575);
#2507=VECTOR('',#4130,39.3700787401575);
#2508=VECTOR('',#4137,39.3700787401575);
#2509=VECTOR('',#4138,39.3700787401575);
#2510=VECTOR('',#4139,39.3700787401575);
#2511=VECTOR('',#4142,39.3700787401575);
#2512=VECTOR('',#4143,39.3700787401575);
#2513=VECTOR('',#4144,39.3700787401575);
#2514=VECTOR('',#4147,39.3700787401575);
#2515=VECTOR('',#4148,39.3700787401575);
#2516=VECTOR('',#4163,39.3700787401575);
#2517=VECTOR('',#4164,39.3700787401575);
#2518=VECTOR('',#4165,39.3700787401575);
#2519=VECTOR('',#4168,39.3700787401575);
#2520=VECTOR('',#4171,39.3700787401575);
#2521=VECTOR('',#4178,39.3700787401575);
#2522=VECTOR('',#4179,39.3700787401575);
#2523=VECTOR('',#4180,39.3700787401575);
#2524=VECTOR('',#4181,39.3700787401575);
#2525=VECTOR('',#4184,39.3700787401575);
#2526=VECTOR('',#4185,39.3700787401575);
#2527=VECTOR('',#4186,39.3700787401575);
#2528=VECTOR('',#4189,39.3700787401575);
#2529=VECTOR('',#4190,39.3700787401575);
#2530=VECTOR('',#4191,39.3700787401575);
#2531=VECTOR('',#4194,39.3700787401575);
#2532=VECTOR('',#4195,39.3700787401575);
#2533=VECTOR('',#4300,39.3700787401575);
#2534=VECTOR('',#4301,39.3700787401575);
#2535=VECTOR('',#4302,39.3700787401575);
#2536=VECTOR('',#4305,39.3700787401575);
#2537=VECTOR('',#4306,39.3700787401575);
#2538=VECTOR('',#4307,39.3700787401575);
#2539=VECTOR('',#4308,39.3700787401575);
#2540=VECTOR('',#4311,39.3700787401575);
#2541=VECTOR('',#4312,39.3700787401575);
#2542=VECTOR('',#4315,39.3700787401575);
#2543=VECTOR('',#4316,39.3700787401575);
#2544=VECTOR('',#4317,39.3700787401575);
#2545=VECTOR('',#4318,39.3700787401575);
#2546=VECTOR('',#4319,39.3700787401575);
#2547=VECTOR('',#4322,39.3700787401575);
#2548=VECTOR('',#4323,39.3700787401575);
#2549=VECTOR('',#4324,39.3700787401575);
#2550=VECTOR('',#4325,39.3700787401575);
#2551=VECTOR('',#4326,39.3700787401575);
#2552=VECTOR('',#4327,39.3700787401575);
#2553=VECTOR('',#4328,39.3700787401575);
#2554=VECTOR('',#4333,39.3700787401575);
#2555=VECTOR('',#4334,39.3700787401575);
#2556=VECTOR('',#4335,39.3700787401575);
#2557=VECTOR('',#4336,39.3700787401575);
#2558=VECTOR('',#4337,39.3700787401575);
#2559=VECTOR('',#4338,39.3700787401575);
#2560=VECTOR('',#4341,39.3700787401575);
#2561=VECTOR('',#4344,39.3700787401575);
#2562=VECTOR('',#4345,39.3700787401575);
#2563=VECTOR('',#4346,39.3700787401575);
#2564=VECTOR('',#4347,39.3700787401575);
#2565=VECTOR('',#4352,39.3700787401575);
#2566=VECTOR('',#4355,39.3700787401575);
#2567=VECTOR('',#4358,39.3700787401575);
#2568=VECTOR('',#4359,39.3700787401575);
#2569=VECTOR('',#4360,39.3700787401575);
#2570=VECTOR('',#4363,39.3700787401575);
#2571=VECTOR('',#4364,39.3700787401575);
#2572=VECTOR('',#4369,39.3700787401575);
#2573=VECTOR('',#4372,39.3700787401575);
#2574=VECTOR('',#4373,39.3700787401575);
#2575=VECTOR('',#4374,39.3700787401575);
#2576=VECTOR('',#4375,39.3700787401575);
#2577=VECTOR('',#4376,39.3700787401575);
#2578=VECTOR('',#4377,39.3700787401575);
#2579=VECTOR('',#4378,39.3700787401575);
#2580=VECTOR('',#4379,39.3700787401575);
#2581=VECTOR('',#4380,39.3700787401575);
#2582=VECTOR('',#4381,39.3700787401575);
#2583=VECTOR('',#4382,39.3700787401575);
#2584=VECTOR('',#4385,39.3700787401575);
#2585=VECTOR('',#4388,39.3700787401575);
#2586=VECTOR('',#4389,39.3700787401575);
#2587=VECTOR('',#4390,39.3700787401575);
#2588=VECTOR('',#4391,39.3700787401575);
#2589=VECTOR('',#4392,39.3700787401575);
#2590=VECTOR('',#4393,39.3700787401575);
#2591=VECTOR('',#4394,39.3700787401575);
#2592=VECTOR('',#4397,39.3700787401575);
#2593=VECTOR('',#4398,39.3700787401575);
#2594=VECTOR('',#4399,39.3700787401575);
#2595=VECTOR('',#4400,39.3700787401575);
#2596=VECTOR('',#4405,39.3700787401575);
#2597=VECTOR('',#4408,39.3700787401575);
#2598=VECTOR('',#4409,39.3700787401575);
#2599=VECTOR('',#4410,39.3700787401575);
#2600=VECTOR('',#4411,39.3700787401575);
#2601=VECTOR('',#4412,39.3700787401575);
#2602=VECTOR('',#4413,39.3700787401575);
#2603=VECTOR('',#4414,39.3700787401575);
#2604=VECTOR('',#4415,39.3700787401575);
#2605=VECTOR('',#4416,39.3700787401575);
#2606=VECTOR('',#4417,39.3700787401575);
#2607=VECTOR('',#4418,39.3700787401575);
#2608=VECTOR('',#4421,39.3700787401575);
#2609=VECTOR('',#4424,39.3700787401575);
#2610=VECTOR('',#4425,39.3700787401575);
#2611=VECTOR('',#4426,39.3700787401575);
#2612=VECTOR('',#4427,39.3700787401575);
#2613=VECTOR('',#4428,39.3700787401575);
#2614=VECTOR('',#4429,39.3700787401575);
#2615=VECTOR('',#4430,39.3700787401575);
#2616=VECTOR('',#4433,39.3700787401575);
#2617=VECTOR('',#4434,39.3700787401575);
#2618=VECTOR('',#4435,39.3700787401575);
#2619=VECTOR('',#4436,39.3700787401575);
#2620=VECTOR('',#4439,39.3700787401575);
#2621=VECTOR('',#4440,39.3700787401575);
#2622=VECTOR('',#4443,39.3700787401575);
#2623=VECTOR('',#4444,39.3700787401575);
#2624=VECTOR('',#4447,39.3700787401575);
#2625=VECTOR('',#4454,39.3700787401575);
#2626=VECTOR('',#4459,39.3700787401575);
#2627=VECTOR('',#4462,39.3700787401575);
#2628=VECTOR('',#4467,39.3700787401575);
#2629=VECTOR('',#4468,39.3700787401575);
#2630=VECTOR('',#4469,39.3700787401575);
#2631=VECTOR('',#4470,39.3700787401575);
#2632=VECTOR('',#4471,39.3700787401575);
#2633=VECTOR('',#4472,39.3700787401575);
#2634=VECTOR('',#4475,39.3700787401575);
#2635=VECTOR('',#4476,39.3700787401575);
#2636=VECTOR('',#4477,39.3700787401575);
#2637=VECTOR('',#4478,39.3700787401575);
#2638=VECTOR('',#4479,39.3700787401575);
#2639=VECTOR('',#4482,39.3700787401575);
#2640=VECTOR('',#4483,39.3700787401575);
#2641=VECTOR('',#4486,39.3700787401575);
#2642=VECTOR('',#4487,39.3700787401575);
#2643=VECTOR('',#4490,39.3700787401575);
#2644=VECTOR('',#4491,39.3700787401575);
#2645=VECTOR('',#4492,39.3700787401575);
#2646=VECTOR('',#4493,39.3700787401575);
#2647=VECTOR('',#4494,39.3700787401575);
#2648=VECTOR('',#4495,39.3700787401575);
#2649=VECTOR('',#4496,39.3700787401575);
#2650=VECTOR('',#4497,39.3700787401575);
#2651=VECTOR('',#4500,39.3700787401575);
#2652=VECTOR('',#4501,39.3700787401575);
#2653=VECTOR('',#4502,39.3700787401575);
#2654=VECTOR('',#4503,39.3700787401575);
#2655=VECTOR('',#4506,39.3700787401575);
#2656=VECTOR('',#4507,39.3700787401575);
#2657=VECTOR('',#4508,39.3700787401575);
#2658=VECTOR('',#4509,39.3700787401575);
#2659=VECTOR('',#4512,39.3700787401575);
#2660=VECTOR('',#4515,39.3700787401575);
#2661=VECTOR('',#4516,39.3700787401575);
#2662=VECTOR('',#4519,39.3700787401575);
#2663=VECTOR('',#4520,39.3700787401575);
#2664=VECTOR('',#4523,39.3700787401575);
#2665=VECTOR('',#4526,39.3700787401575);
#2666=VECTOR('',#4531,39.3700787401575);
#2667=VECTOR('',#4532,39.3700787401575);
#2668=VECTOR('',#4535,39.3700787401575);
#2669=VECTOR('',#4538,39.3700787401575);
#2670=VECTOR('',#4541,39.3700787401575);
#2671=VECTOR('',#4544,39.3700787401575);
#2672=VECTOR('',#4551,39.3700787401575);
#2673=VECTOR('',#4552,39.3700787401575);
#2674=VECTOR('',#4555,39.3700787401575);
#2675=VECTOR('',#4558,39.3700787401575);
#2676=VECTOR('',#4563,39.3700787401575);
#2677=VECTOR('',#4564,39.3700787401575);
#2678=VECTOR('',#4567,39.3700787401575);
#2679=VECTOR('',#4570,39.3700787401575);
#2680=VECTOR('',#4575,39.3700787401575);
#2681=VECTOR('',#4576,39.3700787401575);
#2682=VECTOR('',#4577,39.3700787401575);
#2683=VECTOR('',#4584,39.3700787401575);
#2684=VECTOR('',#4587,39.3700787401575);
#2685=VECTOR('',#4588,39.3700787401575);
#2686=VECTOR('',#4589,39.3700787401575);
#2687=VECTOR('',#4592,39.3700787401575);
#2688=VECTOR('',#4593,39.3700787401575);
#2689=VECTOR('',#4600,39.3700787401575);
#2690=VECTOR('',#4601,39.3700787401575);
#2691=VECTOR('',#4602,39.3700787401575);
#2692=VECTOR('',#4605,39.3700787401575);
#2693=VECTOR('',#4612,39.3700787401575);
#2694=VECTOR('',#4613,39.3700787401575);
#2695=VECTOR('',#4614,39.3700787401575);
#2696=VECTOR('',#4617,39.3700787401575);
#2697=VECTOR('',#4618,39.3700787401575);
#2698=VECTOR('',#4625,39.3700787401575);
#2699=VECTOR('',#4626,39.3700787401575);
#2700=VECTOR('',#4633,39.3700787401575);
#2701=VECTOR('',#4636,39.3700787401575);
#2702=VECTOR('',#4641,39.3700787401575);
#2703=VECTOR('',#4642,39.3700787401575);
#2704=VECTOR('',#4651,39.3700787401575);
#2705=VECTOR('',#4654,39.3700787401575);
#2706=VECTOR('',#4659,39.3700787401575);
#2707=VECTOR('',#4666,39.3700787401575);
#2708=VECTOR('',#4671,39.3700787401575);
#2709=VECTOR('',#4674,39.3700787401575);
#2710=VECTOR('',#4677,39.3700787401575);
#2711=VECTOR('',#4680,39.3700787401575);
#2712=VECTOR('',#4681,39.3700787401575);
#2713=VECTOR('',#4686,39.3700787401575);
#2714=VECTOR('',#4693,39.3700787401575);
#2715=VECTOR('',#4700,39.3700787401575);
#2716=VECTOR('',#4705,39.3700787401575);
#2717=VECTOR('',#4706,39.3700787401575);
#2718=VECTOR('',#4707,39.3700787401575);
#2719=VECTOR('',#4710,39.3700787401575);
#2720=VECTOR('',#4711,39.3700787401575);
#2721=VECTOR('',#4712,39.3700787401575);
#2722=VECTOR('',#4719,39.3700787401575);
#2723=VECTOR('',#4720,39.3700787401575);
#2724=VECTOR('',#4721,39.3700787401575);
#2725=VECTOR('',#4724,39.3700787401575);
#2726=VECTOR('',#4725,39.3700787401575);
#2727=VECTOR('',#4732,39.3700787401575);
#2728=VECTOR('',#4739,39.3700787401575);
#2729=VECTOR('',#4742,39.3700787401575);
#2730=VECTOR('',#4743,39.3700787401575);
#2731=VECTOR('',#4744,39.3700787401575);
#2732=VECTOR('',#4751,39.3700787401575);
#2733=VECTOR('',#4760,39.3700787401575);
#2734=VECTOR('',#4763,39.3700787401575);
#2735=VECTOR('',#4766,39.3700787401575);
#2736=VECTOR('',#4769,39.3700787401575);
#2737=VECTOR('',#4778,39.3700787401575);
#2738=VECTOR('',#4781,39.3700787401575);
#2739=VECTOR('',#4784,39.3700787401575);
#2740=EDGE_LOOP('',(#165,#166,#167,#168,#169));
#2741=EDGE_LOOP('',(#170,#171,#172,#173));
#2742=EDGE_LOOP('',(#174,#175,#176,#177));
#2743=EDGE_LOOP('',(#178,#179,#180,#181));
#2744=EDGE_LOOP('',(#182,#183,#184,#185));
#2745=EDGE_LOOP('',(#186,#187,#188,#189,#190,#191,#192,#193));
#2746=EDGE_LOOP('',(#194,#195,#196,#197));
#2747=EDGE_LOOP('',(#198,#199,#200,#201,#202,#203,#204,#205,#206,#207,#208,
#209));
#2748=EDGE_LOOP('',(#210,#211,#212,#213));
#2749=EDGE_LOOP('',(#214,#215,#216,#217,#218,#219,#220,#221));
#2750=EDGE_LOOP('',(#222,#223,#224,#225));
#2751=EDGE_LOOP('',(#226,#227,#228,#229,#230,#231,#232,#233,#234,#235,#236,
#237));
#2752=EDGE_LOOP('',(#238,#239,#240,#241,#242,#243,#244));
#2753=EDGE_LOOP('',(#245,#246,#247,#248,#249,#250,#251));
#2754=EDGE_LOOP('',(#252,#253,#254,#255,#256,#257,#258));
#2755=EDGE_LOOP('',(#259,#260,#261,#262,#263,#264,#265));
#2756=EDGE_LOOP('',(#266,#267,#268,#269,#270,#271));
#2757=EDGE_LOOP('',(#272,#273,#274,#275,#276,#277));
#2758=EDGE_LOOP('',(#278,#279,#280,#281,#282));
#2759=EDGE_LOOP('',(#283,#284,#285,#286,#287));
#2760=EDGE_LOOP('',(#288,#289,#290,#291,#292));
#2761=EDGE_LOOP('',(#293,#294,#295,#296,#297));
#2762=EDGE_LOOP('',(#298,#299,#300,#301,#302,#303,#304,#305));
#2763=EDGE_LOOP('',(#306));
#2764=EDGE_LOOP('',(#307,#308,#309,#310));
#2765=EDGE_LOOP('',(#311,#312,#313,#314));
#2766=EDGE_LOOP('',(#315,#316,#317,#318,#319,#320));
#2767=EDGE_LOOP('',(#321,#322,#323,#324,#325));
#2768=EDGE_LOOP('',(#326,#327,#328,#329,#330,#331,#332,#333,#334,#335));
#2769=EDGE_LOOP('',(#336,#337,#338,#339,#340,#341,#342,#343));
#2770=EDGE_LOOP('',(#344,#345,#346,#347,#348,#349));
#2771=EDGE_LOOP('',(#350,#351,#352,#353,#354,#355));
#2772=EDGE_LOOP('',(#356,#357,#358,#359));
#2773=EDGE_LOOP('',(#360,#361,#362,#363));
#2774=EDGE_LOOP('',(#364,#365,#366,#367));
#2775=EDGE_LOOP('',(#368,#369,#370,#371));
#2776=EDGE_LOOP('',(#372,#373,#374,#375,#376,#377));
#2777=EDGE_LOOP('',(#378,#379,#380,#381,#382,#383));
#2778=EDGE_LOOP('',(#384,#385,#386,#387));
#2779=EDGE_LOOP('',(#388,#389,#390,#391,#392,#393,#394,#395));
#2780=EDGE_LOOP('',(#396,#397,#398,#399,#400,#401,#402,#403));
#2781=EDGE_LOOP('',(#404,#405,#406,#407));
#2782=EDGE_LOOP('',(#408,#409,#410,#411));
#2783=EDGE_LOOP('',(#412,#413,#414,#415,#416,#417,#418,#419));
#2784=EDGE_LOOP('',(#420,#421,#422,#423));
#2785=EDGE_LOOP('',(#424,#425,#426,#427));
#2786=EDGE_LOOP('',(#428,#429,#430,#431,#432,#433,#434,#435));
#2787=EDGE_LOOP('',(#436,#437,#438,#439));
#2788=EDGE_LOOP('',(#440,#441,#442,#443));
#2789=EDGE_LOOP('',(#444,#445,#446,#447));
#2790=EDGE_LOOP('',(#448,#449,#450,#451));
#2791=EDGE_LOOP('',(#452,#453,#454,#455));
#2792=EDGE_LOOP('',(#456,#457,#458,#459));
#2793=EDGE_LOOP('',(#460,#461,#462,#463));
#2794=EDGE_LOOP('',(#464,#465,#466,#467));
#2795=EDGE_LOOP('',(#468,#469,#470,#471));
#2796=EDGE_LOOP('',(#472,#473,#474,#475));
#2797=EDGE_LOOP('',(#476,#477,#478,#479));
#2798=EDGE_LOOP('',(#480,#481,#482,#483));
#2799=EDGE_LOOP('',(#484,#485,#486,#487));
#2800=EDGE_LOOP('',(#488,#489,#490,#491));
#2801=EDGE_LOOP('',(#492,#493,#494,#495));
#2802=EDGE_LOOP('',(#496,#497,#498,#499));
#2803=EDGE_LOOP('',(#500,#501,#502,#503));
#2804=EDGE_LOOP('',(#504,#505,#506,#507));
#2805=EDGE_LOOP('',(#508,#509,#510,#511));
#2806=EDGE_LOOP('',(#512));
#2807=EDGE_LOOP('',(#513));
#2808=EDGE_LOOP('',(#514));
#2809=EDGE_LOOP('',(#515,#516,#517,#518));
#2810=EDGE_LOOP('',(#519,#520,#521,#522));
#2811=EDGE_LOOP('',(#523,#524,#525,#526));
#2812=EDGE_LOOP('',(#527,#528,#529,#530));
#2813=EDGE_LOOP('',(#531,#532,#533,#534));
#2814=EDGE_LOOP('',(#535,#536,#537,#538));
#2815=EDGE_LOOP('',(#539,#540,#541,#542));
#2816=EDGE_LOOP('',(#543,#544,#545,#546));
#2817=EDGE_LOOP('',(#547));
#2818=EDGE_LOOP('',(#548));
#2819=EDGE_LOOP('',(#549));
#2820=EDGE_LOOP('',(#550));
#2821=EDGE_LOOP('',(#551));
#2822=EDGE_LOOP('',(#552));
#2823=EDGE_LOOP('',(#553,#554,#555,#556));
#2824=EDGE_LOOP('',(#557,#558,#559,#560));
#2825=EDGE_LOOP('',(#561));
#2826=EDGE_LOOP('',(#562));
#2827=EDGE_LOOP('',(#563));
#2828=EDGE_LOOP('',(#564));
#2829=EDGE_LOOP('',(#565));
#2830=EDGE_LOOP('',(#566));
#2831=EDGE_LOOP('',(#567));
#2832=EDGE_LOOP('',(#568));
#2833=EDGE_LOOP('',(#569));
#2834=EDGE_LOOP('',(#570));
#2835=EDGE_LOOP('',(#571));
#2836=EDGE_LOOP('',(#572));
#2837=EDGE_LOOP('',(#573));
#2838=EDGE_LOOP('',(#574));
#2839=EDGE_LOOP('',(#575));
#2840=EDGE_LOOP('',(#576));
#2841=EDGE_LOOP('',(#577));
#2842=EDGE_LOOP('',(#578));
#2843=EDGE_LOOP('',(#579));
#2844=EDGE_LOOP('',(#580));
#2845=EDGE_LOOP('',(#581));
#2846=EDGE_LOOP('',(#582));
#2847=EDGE_LOOP('',(#583));
#2848=EDGE_LOOP('',(#584));
#2849=EDGE_LOOP('',(#585));
#2850=EDGE_LOOP('',(#586));
#2851=EDGE_LOOP('',(#587));
#2852=EDGE_LOOP('',(#588));
#2853=EDGE_LOOP('',(#589));
#2854=EDGE_LOOP('',(#590));
#2855=EDGE_LOOP('',(#591));
#2856=EDGE_LOOP('',(#592));
#2857=EDGE_LOOP('',(#593));
#2858=EDGE_LOOP('',(#594));
#2859=EDGE_LOOP('',(#595));
#2860=EDGE_LOOP('',(#596));
#2861=EDGE_LOOP('',(#597));
#2862=EDGE_LOOP('',(#598));
#2863=EDGE_LOOP('',(#599));
#2864=EDGE_LOOP('',(#600));
#2865=EDGE_LOOP('',(#601));
#2866=EDGE_LOOP('',(#602));
#2867=EDGE_LOOP('',(#603,#604,#605,#606,#607,#608,#609,#610));
#2868=EDGE_LOOP('',(#611,#612,#613,#614,#615,#616,#617,#618));
#2869=EDGE_LOOP('',(#619,#620,#621,#622,#623,#624,#625,#626));
#2870=EDGE_LOOP('',(#627,#628,#629,#630,#631,#632,#633,#634));
#2871=EDGE_LOOP('',(#635,#636,#637,#638));
#2872=EDGE_LOOP('',(#639,#640,#641,#642));
#2873=EDGE_LOOP('',(#643,#644,#645,#646));
#2874=EDGE_LOOP('',(#647,#648,#649,#650));
#2875=EDGE_LOOP('',(#651,#652,#653,#654,#655,#656,#657,#658,#659,#660,#661,
#662));
#2876=EDGE_LOOP('',(#663,#664,#665,#666));
#2877=EDGE_LOOP('',(#667,#668,#669,#670,#671,#672,#673,#674,#675,#676,#677,
#678));
#2878=EDGE_LOOP('',(#679,#680,#681,#682));
#2879=EDGE_LOOP('',(#683,#684,#685,#686,#687,#688,#689,#690,#691,#692,#693,
#694));
#2880=EDGE_LOOP('',(#695,#696,#697,#698));
#2881=EDGE_LOOP('',(#699,#700,#701,#702,#703,#704,#705,#706,#707,#708,#709,
#710));
#2882=EDGE_LOOP('',(#711,#712,#713,#714));
#2883=EDGE_LOOP('',(#715,#716,#717,#718));
#2884=EDGE_LOOP('',(#719,#720,#721,#722));
#2885=EDGE_LOOP('',(#723,#724,#725,#726));
#2886=EDGE_LOOP('',(#727,#728,#729,#730));
#2887=EDGE_LOOP('',(#731,#732,#733,#734));
#2888=EDGE_LOOP('',(#735,#736,#737,#738));
#2889=EDGE_LOOP('',(#739,#740,#741,#742,#743,#744,#745,#746,#747,#748,#749,
#750,#751,#752,#753,#754,#755,#756,#757,#758,#759,#760,#761,#762));
#2890=EDGE_LOOP('',(#763,#764,#765,#766));
#2891=EDGE_LOOP('',(#767,#768,#769,#770));
#2892=EDGE_LOOP('',(#771,#772,#773,#774));
#2893=EDGE_LOOP('',(#775,#776,#777,#778,#779,#780,#781,#782,#783,#784,#785,
#786,#787,#788,#789,#790,#791,#792));
#2894=EDGE_LOOP('',(#793,#794,#795,#796));
#2895=EDGE_LOOP('',(#797,#798,#799,#800,#801,#802,#803,#804));
#2896=EDGE_LOOP('',(#805,#806,#807,#808,#809,#810,#811,#812));
#2897=EDGE_LOOP('',(#813,#814,#815,#816));
#2898=EDGE_LOOP('',(#817,#818,#819,#820));
#2899=EDGE_LOOP('',(#821,#822,#823,#824));
#2900=EDGE_LOOP('',(#825,#826,#827,#828));
#2901=EDGE_LOOP('',(#829,#830,#831,#832));
#2902=EDGE_LOOP('',(#833,#834,#835,#836));
#2903=EDGE_LOOP('',(#837,#838,#839,#840,#841,#842,#843,#844));
#2904=EDGE_LOOP('',(#845,#846,#847,#848,#849,#850,#851,#852));
#2905=EDGE_LOOP('',(#853,#854,#855,#856));
#2906=EDGE_LOOP('',(#857,#858,#859,#860));
#2907=EDGE_LOOP('',(#861,#862,#863,#864));
#2908=EDGE_LOOP('',(#865,#866,#867,#868));
#2909=EDGE_LOOP('',(#869,#870,#871,#872));
#2910=EDGE_LOOP('',(#873,#874,#875,#876));
#2911=EDGE_LOOP('',(#877,#878,#879,#880));
#2912=EDGE_LOOP('',(#881,#882,#883,#884));
#2913=EDGE_LOOP('',(#885,#886,#887,#888));
#2914=EDGE_LOOP('',(#889,#890,#891,#892));
#2915=EDGE_LOOP('',(#893,#894,#895,#896));
#2916=EDGE_LOOP('',(#897,#898,#899,#900));
#2917=EDGE_LOOP('',(#901,#902,#903,#904));
#2918=EDGE_LOOP('',(#905,#906,#907,#908));
#2919=EDGE_LOOP('',(#909,#910,#911,#912,#913,#914));
#2920=EDGE_LOOP('',(#915,#916,#917,#918,#919,#920));
#2921=EDGE_LOOP('',(#921,#922,#923,#924));
#2922=EDGE_LOOP('',(#925,#926,#927,#928));
#2923=EDGE_LOOP('',(#929,#930,#931,#932));
#2924=EDGE_LOOP('',(#933,#934,#935,#936));
#2925=EDGE_LOOP('',(#937,#938,#939,#940,#941,#942));
#2926=EDGE_LOOP('',(#943,#944,#945,#946,#947,#948));
#2927=EDGE_LOOP('',(#949,#950,#951,#952));
#2928=EDGE_LOOP('',(#953,#954,#955,#956,#957,#958));
#2929=EDGE_LOOP('',(#959,#960,#961,#962,#963,#964));
#2930=EDGE_LOOP('',(#965,#966,#967,#968));
#2931=EDGE_LOOP('',(#969,#970,#971,#972));
#2932=EDGE_LOOP('',(#973,#974,#975,#976));
#2933=EDGE_LOOP('',(#977,#978,#979,#980));
#2934=EDGE_LOOP('',(#981,#982,#983,#984));
#2935=EDGE_LOOP('',(#985,#986,#987,#988));
#2936=EDGE_LOOP('',(#989,#990,#991,#992));
#2937=EDGE_LOOP('',(#993,#994,#995,#996));
#2938=EDGE_LOOP('',(#997,#998,#999,#1000));
#2939=EDGE_LOOP('',(#1001,#1002,#1003,#1004));
#2940=EDGE_LOOP('',(#1005,#1006,#1007,#1008));
#2941=EDGE_LOOP('',(#1009,#1010,#1011,#1012));
#2942=EDGE_LOOP('',(#1013,#1014,#1015,#1016));
#2943=EDGE_LOOP('',(#1017,#1018,#1019,#1020));
#2944=EDGE_LOOP('',(#1021,#1022,#1023,#1024,#1025,#1026,#1027,#1028,#1029,
#1030,#1031,#1032));
#2945=EDGE_LOOP('',(#1033,#1034,#1035,#1036,#1037,#1038,#1039,#1040,#1041,
#1042,#1043,#1044));
#2946=EDGE_LOOP('',(#1045,#1046,#1047,#1048));
#2947=EDGE_LOOP('',(#1049,#1050,#1051,#1052));
#2948=EDGE_LOOP('',(#1053,#1054,#1055,#1056));
#2949=EDGE_LOOP('',(#1057,#1058,#1059,#1060,#1061,#1062,#1063,#1064,#1065,
#1066,#1067,#1068));
#2950=EDGE_LOOP('',(#1069,#1070,#1071,#1072,#1073,#1074,#1075,#1076,#1077,
#1078,#1079,#1080));
#2951=EDGE_LOOP('',(#1081,#1082,#1083,#1084));
#2952=EDGE_LOOP('',(#1085,#1086,#1087,#1088));
#2953=EDGE_LOOP('',(#1089,#1090,#1091,#1092));
#2954=EDGE_LOOP('',(#1093,#1094,#1095,#1096));
#2955=EDGE_LOOP('',(#1097,#1098,#1099,#1100));
#2956=EDGE_LOOP('',(#1101,#1102,#1103,#1104));
#2957=EDGE_LOOP('',(#1105,#1106,#1107,#1108));
#2958=EDGE_LOOP('',(#1109,#1110,#1111,#1112));
#2959=EDGE_LOOP('',(#1113,#1114,#1115,#1116));
#2960=EDGE_LOOP('',(#1117,#1118,#1119,#1120));
#2961=EDGE_LOOP('',(#1121,#1122,#1123,#1124));
#2962=EDGE_LOOP('',(#1125));
#2963=EDGE_LOOP('',(#1126));
#2964=EDGE_LOOP('',(#1127));
#2965=EDGE_LOOP('',(#1128));
#2966=FACE_BOUND('',#2740,.T.);
#2967=FACE_BOUND('',#2741,.T.);
#2968=FACE_BOUND('',#2742,.T.);
#2969=FACE_BOUND('',#2743,.T.);
#2970=FACE_BOUND('',#2744,.T.);
#2971=FACE_BOUND('',#2745,.T.);
#2972=FACE_BOUND('',#2746,.T.);
#2973=FACE_BOUND('',#2747,.T.);
#2974=FACE_BOUND('',#2748,.T.);
#2975=FACE_BOUND('',#2749,.T.);
#2976=FACE_BOUND('',#2750,.T.);
#2977=FACE_BOUND('',#2751,.T.);
#2978=FACE_BOUND('',#2752,.T.);
#2979=FACE_BOUND('',#2753,.T.);
#2980=FACE_BOUND('',#2754,.T.);
#2981=FACE_BOUND('',#2755,.T.);
#2982=FACE_BOUND('',#2756,.T.);
#2983=FACE_BOUND('',#2757,.T.);
#2984=FACE_BOUND('',#2758,.T.);
#2985=FACE_BOUND('',#2759,.T.);
#2986=FACE_BOUND('',#2760,.T.);
#2987=FACE_BOUND('',#2761,.T.);
#2988=FACE_BOUND('',#2762,.T.);
#2989=FACE_BOUND('',#2763,.T.);
#2990=FACE_BOUND('',#2764,.T.);
#2991=FACE_BOUND('',#2765,.T.);
#2992=FACE_BOUND('',#2766,.T.);
#2993=FACE_BOUND('',#2767,.T.);
#2994=FACE_BOUND('',#2768,.T.);
#2995=FACE_BOUND('',#2769,.T.);
#2996=FACE_BOUND('',#2770,.T.);
#2997=FACE_BOUND('',#2771,.T.);
#2998=FACE_BOUND('',#2772,.T.);
#2999=FACE_BOUND('',#2773,.T.);
#3000=FACE_BOUND('',#2774,.T.);
#3001=FACE_BOUND('',#2775,.T.);
#3002=FACE_BOUND('',#2776,.T.);
#3003=FACE_BOUND('',#2777,.T.);
#3004=FACE_BOUND('',#2778,.T.);
#3005=FACE_BOUND('',#2779,.T.);
#3006=FACE_BOUND('',#2780,.T.);
#3007=FACE_BOUND('',#2781,.T.);
#3008=FACE_BOUND('',#2782,.T.);
#3009=FACE_BOUND('',#2783,.T.);
#3010=FACE_BOUND('',#2784,.T.);
#3011=FACE_BOUND('',#2785,.T.);
#3012=FACE_BOUND('',#2786,.T.);
#3013=FACE_BOUND('',#2787,.T.);
#3014=FACE_BOUND('',#2788,.T.);
#3015=FACE_BOUND('',#2789,.T.);
#3016=FACE_BOUND('',#2790,.T.);
#3017=FACE_BOUND('',#2791,.T.);
#3018=FACE_BOUND('',#2792,.T.);
#3019=FACE_BOUND('',#2793,.T.);
#3020=FACE_BOUND('',#2794,.T.);
#3021=FACE_BOUND('',#2795,.T.);
#3022=FACE_BOUND('',#2796,.T.);
#3023=FACE_BOUND('',#2797,.T.);
#3024=FACE_BOUND('',#2798,.T.);
#3025=FACE_BOUND('',#2799,.T.);
#3026=FACE_BOUND('',#2800,.T.);
#3027=FACE_BOUND('',#2801,.T.);
#3028=FACE_BOUND('',#2802,.T.);
#3029=FACE_BOUND('',#2803,.T.);
#3030=FACE_BOUND('',#2804,.T.);
#3031=FACE_BOUND('',#2805,.T.);
#3032=FACE_BOUND('',#2806,.T.);
#3033=FACE_BOUND('',#2807,.T.);
#3034=FACE_BOUND('',#2808,.T.);
#3035=FACE_BOUND('',#2809,.T.);
#3036=FACE_BOUND('',#2810,.T.);
#3037=FACE_BOUND('',#2811,.T.);
#3038=FACE_BOUND('',#2812,.T.);
#3039=FACE_BOUND('',#2813,.T.);
#3040=FACE_BOUND('',#2814,.T.);
#3041=FACE_BOUND('',#2815,.T.);
#3042=FACE_BOUND('',#2816,.T.);
#3043=FACE_BOUND('',#2817,.T.);
#3044=FACE_BOUND('',#2818,.T.);
#3045=FACE_BOUND('',#2819,.T.);
#3046=FACE_BOUND('',#2820,.T.);
#3047=FACE_BOUND('',#2821,.T.);
#3048=FACE_BOUND('',#2822,.T.);
#3049=FACE_BOUND('',#2823,.T.);
#3050=FACE_BOUND('',#2824,.T.);
#3051=FACE_BOUND('',#2825,.T.);
#3052=FACE_BOUND('',#2826,.T.);
#3053=FACE_BOUND('',#2827,.T.);
#3054=FACE_BOUND('',#2828,.T.);
#3055=FACE_BOUND('',#2829,.T.);
#3056=FACE_BOUND('',#2830,.T.);
#3057=FACE_BOUND('',#2831,.T.);
#3058=FACE_BOUND('',#2832,.T.);
#3059=FACE_BOUND('',#2833,.T.);
#3060=FACE_BOUND('',#2834,.T.);
#3061=FACE_BOUND('',#2835,.T.);
#3062=FACE_BOUND('',#2836,.T.);
#3063=FACE_BOUND('',#2837,.T.);
#3064=FACE_BOUND('',#2838,.T.);
#3065=FACE_BOUND('',#2839,.T.);
#3066=FACE_BOUND('',#2840,.T.);
#3067=FACE_BOUND('',#2841,.T.);
#3068=FACE_BOUND('',#2842,.T.);
#3069=FACE_BOUND('',#2843,.T.);
#3070=FACE_BOUND('',#2844,.T.);
#3071=FACE_BOUND('',#2845,.T.);
#3072=FACE_BOUND('',#2846,.T.);
#3073=FACE_BOUND('',#2847,.T.);
#3074=FACE_BOUND('',#2848,.T.);
#3075=FACE_BOUND('',#2849,.T.);
#3076=FACE_BOUND('',#2850,.T.);
#3077=FACE_BOUND('',#2851,.T.);
#3078=FACE_BOUND('',#2852,.T.);
#3079=FACE_BOUND('',#2853,.T.);
#3080=FACE_BOUND('',#2854,.T.);
#3081=FACE_BOUND('',#2855,.T.);
#3082=FACE_BOUND('',#2856,.T.);
#3083=FACE_BOUND('',#2857,.T.);
#3084=FACE_BOUND('',#2858,.T.);
#3085=FACE_BOUND('',#2859,.T.);
#3086=FACE_BOUND('',#2860,.T.);
#3087=FACE_BOUND('',#2861,.T.);
#3088=FACE_BOUND('',#2862,.T.);
#3089=FACE_BOUND('',#2863,.T.);
#3090=FACE_BOUND('',#2864,.T.);
#3091=FACE_BOUND('',#2865,.T.);
#3092=FACE_BOUND('',#2866,.T.);
#3093=FACE_BOUND('',#2867,.T.);
#3094=FACE_BOUND('',#2868,.T.);
#3095=FACE_BOUND('',#2869,.T.);
#3096=FACE_BOUND('',#2870,.T.);
#3097=FACE_BOUND('',#2871,.T.);
#3098=FACE_BOUND('',#2872,.T.);
#3099=FACE_BOUND('',#2873,.T.);
#3100=FACE_BOUND('',#2874,.T.);
#3101=FACE_BOUND('',#2875,.T.);
#3102=FACE_BOUND('',#2876,.T.);
#3103=FACE_BOUND('',#2877,.T.);
#3104=FACE_BOUND('',#2878,.T.);
#3105=FACE_BOUND('',#2879,.T.);
#3106=FACE_BOUND('',#2880,.T.);
#3107=FACE_BOUND('',#2881,.T.);
#3108=FACE_BOUND('',#2882,.T.);
#3109=FACE_BOUND('',#2883,.T.);
#3110=FACE_BOUND('',#2884,.T.);
#3111=FACE_BOUND('',#2885,.T.);
#3112=FACE_BOUND('',#2886,.T.);
#3113=FACE_BOUND('',#2887,.T.);
#3114=FACE_BOUND('',#2888,.T.);
#3115=FACE_BOUND('',#2889,.T.);
#3116=FACE_BOUND('',#2890,.T.);
#3117=FACE_BOUND('',#2891,.T.);
#3118=FACE_BOUND('',#2892,.T.);
#3119=FACE_BOUND('',#2893,.T.);
#3120=FACE_BOUND('',#2894,.T.);
#3121=FACE_BOUND('',#2895,.T.);
#3122=FACE_BOUND('',#2896,.T.);
#3123=FACE_BOUND('',#2897,.T.);
#3124=FACE_BOUND('',#2898,.T.);
#3125=FACE_BOUND('',#2899,.T.);
#3126=FACE_BOUND('',#2900,.T.);
#3127=FACE_BOUND('',#2901,.T.);
#3128=FACE_BOUND('',#2902,.T.);
#3129=FACE_BOUND('',#2903,.T.);
#3130=FACE_BOUND('',#2904,.T.);
#3131=FACE_BOUND('',#2905,.T.);
#3132=FACE_BOUND('',#2906,.T.);
#3133=FACE_BOUND('',#2907,.T.);
#3134=FACE_BOUND('',#2908,.T.);
#3135=FACE_BOUND('',#2909,.T.);
#3136=FACE_BOUND('',#2910,.T.);
#3137=FACE_BOUND('',#2911,.T.);
#3138=FACE_BOUND('',#2912,.T.);
#3139=FACE_BOUND('',#2913,.T.);
#3140=FACE_BOUND('',#2914,.T.);
#3141=FACE_BOUND('',#2915,.T.);
#3142=FACE_BOUND('',#2916,.T.);
#3143=FACE_BOUND('',#2917,.T.);
#3144=FACE_BOUND('',#2918,.T.);
#3145=FACE_BOUND('',#2919,.T.);
#3146=FACE_BOUND('',#2920,.T.);
#3147=FACE_BOUND('',#2921,.T.);
#3148=FACE_BOUND('',#2922,.T.);
#3149=FACE_BOUND('',#2923,.T.);
#3150=FACE_BOUND('',#2924,.T.);
#3151=FACE_BOUND('',#2925,.T.);
#3152=FACE_BOUND('',#2926,.T.);
#3153=FACE_BOUND('',#2927,.T.);
#3154=FACE_BOUND('',#2928,.T.);
#3155=FACE_BOUND('',#2929,.T.);
#3156=FACE_BOUND('',#2930,.T.);
#3157=FACE_BOUND('',#2931,.T.);
#3158=FACE_BOUND('',#2932,.T.);
#3159=FACE_BOUND('',#2933,.T.);
#3160=FACE_BOUND('',#2934,.T.);
#3161=FACE_BOUND('',#2935,.T.);
#3162=FACE_BOUND('',#2936,.T.);
#3163=FACE_BOUND('',#2937,.T.);
#3164=FACE_BOUND('',#2938,.T.);
#3165=FACE_BOUND('',#2939,.T.);
#3166=FACE_BOUND('',#2940,.T.);
#3167=FACE_BOUND('',#2941,.T.);
#3168=FACE_BOUND('',#2942,.T.);
#3169=FACE_BOUND('',#2943,.T.);
#3170=FACE_BOUND('',#2944,.T.);
#3171=FACE_BOUND('',#2945,.T.);
#3172=FACE_BOUND('',#2946,.T.);
#3173=FACE_BOUND('',#2947,.T.);
#3174=FACE_BOUND('',#2948,.T.);
#3175=FACE_BOUND('',#2949,.T.);
#3176=FACE_BOUND('',#2950,.T.);
#3177=FACE_BOUND('',#2951,.T.);
#3178=FACE_BOUND('',#2952,.T.);
#3179=FACE_BOUND('',#2953,.T.);
#3180=FACE_BOUND('',#2954,.T.);
#3181=FACE_BOUND('',#2955,.T.);
#3182=FACE_BOUND('',#2956,.T.);
#3183=FACE_BOUND('',#2957,.T.);
#3184=FACE_BOUND('',#2958,.T.);
#3185=FACE_BOUND('',#2959,.T.);
#3186=FACE_BOUND('',#2960,.T.);
#3187=FACE_BOUND('',#2961,.T.);
#3188=FACE_BOUND('',#2962,.T.);
#3189=FACE_BOUND('',#2963,.T.);
#3190=FACE_BOUND('',#2964,.T.);
#3191=FACE_BOUND('',#2965,.T.);
#3192=FACE_BOUND('',#10,.T.);
#3193=PLANE('',#3575);
#3194=PLANE('',#3576);
#3195=PLANE('',#3577);
#3196=PLANE('',#3578);
#3197=PLANE('',#3579);
#3198=PLANE('',#3580);
#3199=PLANE('',#3581);
#3200=PLANE('',#3582);
#3201=PLANE('',#3583);
#3202=PLANE('',#3584);
#3203=PLANE('',#3585);
#3204=PLANE('',#3586);
#3205=PLANE('',#3587);
#3206=PLANE('',#3588);
#3207=PLANE('',#3589);
#3208=PLANE('',#3590);
#3209=PLANE('',#3591);
#3210=PLANE('',#3592);
#3211=PLANE('',#3593);
#3212=PLANE('',#3594);
#3213=PLANE('',#3596);
#3214=PLANE('',#3597);
#3215=PLANE('',#3598);
#3216=PLANE('',#3599);
#3217=PLANE('',#3600);
#3218=PLANE('',#3601);
#3219=PLANE('',#3602);
#3220=PLANE('',#3603);
#3221=PLANE('',#3604);
#3222=PLANE('',#3605);
#3223=PLANE('',#3606);
#3224=PLANE('',#3607);
#3225=PLANE('',#3608);
#3226=PLANE('',#3609);
#3227=PLANE('',#3610);
#3228=PLANE('',#3611);
#3229=PLANE('',#3612);
#3230=PLANE('',#3613);
#3231=PLANE('',#3614);
#3232=PLANE('',#3615);
#3233=PLANE('',#3616);
#3234=PLANE('',#3617);
#3235=PLANE('',#3618);
#3236=PLANE('',#3619);
#3237=PLANE('',#3620);
#3238=PLANE('',#3621);
#3239=PLANE('',#3622);
#3240=PLANE('',#3623);
#3241=PLANE('',#3624);
#3242=PLANE('',#3625);
#3243=PLANE('',#3626);
#3244=PLANE('',#3627);
#3245=PLANE('',#3628);
#3246=PLANE('',#3629);
#3247=PLANE('',#3630);
#3248=PLANE('',#3631);
#3249=PLANE('',#3632);
#3250=PLANE('',#3633);
#3251=PLANE('',#3634);
#3252=PLANE('',#3635);
#3253=PLANE('',#3636);
#3254=PLANE('',#3637);
#3255=PLANE('',#3640);
#3256=PLANE('',#3641);
#3257=PLANE('',#3642);
#3258=PLANE('',#3643);
#3259=PLANE('',#3644);
#3260=PLANE('',#3646);
#3261=PLANE('',#3647);
#3262=PLANE('',#3648);
#3263=PLANE('',#3649);
#3264=PLANE('',#3650);
#3265=PLANE('',#3657);
#3266=PLANE('',#3672);
#3267=PLANE('',#3675);
#3268=PLANE('',#3678);
#3269=PLANE('',#3693);
#3270=PLANE('',#3696);
#3271=PLANE('',#3699);
#3272=PLANE('',#3701);
#3273=PLANE('',#3703);
#3274=PLANE('',#3705);
#3275=PLANE('',#3707);
#3276=PLANE('',#3709);
#3277=PLANE('',#3713);
#3278=PLANE('',#3714);
#3279=PLANE('',#3715);
#3280=PLANE('',#3718);
#3281=PLANE('',#3721);
#3282=PLANE('',#3724);
#3283=PLANE('',#3727);
#3284=PLANE('',#3728);
#3285=PLANE('',#3737);
#3286=PLANE('',#3740);
#3287=PLANE('',#3741);
#3288=PLANE('',#3744);
#3289=PLANE('',#3745);
#3290=PLANE('',#3746);
#3291=PLANE('',#3747);
#3292=PLANE('',#3748);
#3293=PLANE('',#3749);
#3294=PLANE('',#3750);
#3295=PLANE('',#3751);
#3296=PLANE('',#3752);
#3297=PLANE('',#3753);
#3298=PLANE('',#3754);
#3299=PLANE('',#3757);
#3300=PLANE('',#3758);
#3301=PLANE('',#3759);
#3302=PLANE('',#3760);
#3303=PLANE('',#3761);
#3304=PLANE('',#3762);
#3305=PLANE('',#3763);
#3306=PLANE('',#3764);
#3307=PLANE('',#3765);
#3308=PLANE('',#3769);
#3309=PLANE('',#3770);
#3310=PLANE('',#3771);
#3311=PLANE('',#3772);
#3312=PLANE('',#3773);
#3313=PLANE('',#3777);
#3314=PLANE('',#3778);
#3315=PLANE('',#3779);
#3316=PLANE('',#3780);
#3317=PLANE('',#3781);
#3318=PLANE('',#3782);
#3319=PLANE('',#3783);
#3320=PLANE('',#3786);
#3321=PLANE('',#3787);
#3322=PLANE('',#3799);
#3323=PLANE('',#3801);
#3324=PLANE('',#3812);
#3325=PLANE('',#3813);
#3326=PLANE('',#3814);
#3327=PLANE('',#3815);
#3328=PLANE('',#3816);
#3329=PLANE('',#3817);
#3330=PLANE('',#3824);
#3331=PLANE('',#3831);
#3332=PLANE('',#3835);
#3333=PLANE('',#3837);
#3334=PLANE('',#3845);
#3335=ADVANCED_FACE('',(#2966),#3193,.T.);
#3336=ADVANCED_FACE('',(#2967),#3194,.F.);
#3337=ADVANCED_FACE('',(#2968),#3195,.F.);
#3338=ADVANCED_FACE('',(#2969),#3196,.F.);
#3339=ADVANCED_FACE('',(#2970),#3197,.F.);
#3340=ADVANCED_FACE('',(#2971,#2972),#3198,.T.);
#3341=ADVANCED_FACE('',(#2973),#3199,.T.);
#3342=ADVANCED_FACE('',(#2974,#2975),#3200,.T.);
#3343=ADVANCED_FACE('',(#2976,#2977),#3201,.T.);
#3344=ADVANCED_FACE('',(#2978),#3202,.F.);
#3345=ADVANCED_FACE('',(#2979),#3203,.F.);
#3346=ADVANCED_FACE('',(#2980),#3204,.F.);
#3347=ADVANCED_FACE('',(#2981),#3205,.F.);
#3348=ADVANCED_FACE('',(#2982),#3206,.T.);
#3349=ADVANCED_FACE('',(#2983),#3207,.T.);
#3350=ADVANCED_FACE('',(#2984),#3208,.F.);
#3351=ADVANCED_FACE('',(#2985),#3209,.F.);
#3352=ADVANCED_FACE('',(#2986),#3210,.F.);
#3353=ADVANCED_FACE('',(#2987),#3211,.F.);
#3354=ADVANCED_FACE('',(#2988,#2989),#3212,.T.);
#3355=ADVANCED_FACE('',(#2990),#3213,.F.);
#3356=ADVANCED_FACE('',(#2991),#3214,.F.);
#3357=ADVANCED_FACE('',(#2992),#3215,.T.);
#3358=ADVANCED_FACE('',(#2993),#3216,.T.);
#3359=ADVANCED_FACE('',(#2994),#3217,.F.);
#3360=ADVANCED_FACE('',(#2995),#3218,.F.);
#3361=ADVANCED_FACE('',(#2996),#3219,.T.);
#3362=ADVANCED_FACE('',(#2997),#3220,.T.);
#3363=ADVANCED_FACE('',(#2998),#3221,.T.);
#3364=ADVANCED_FACE('',(#2999),#3222,.T.);
#3365=ADVANCED_FACE('',(#3000),#3223,.T.);
#3366=ADVANCED_FACE('',(#3001),#3224,.T.);
#3367=ADVANCED_FACE('',(#3002),#3225,.T.);
#3368=ADVANCED_FACE('',(#3003),#3226,.T.);
#3369=ADVANCED_FACE('',(#3004),#3227,.T.);
#3370=ADVANCED_FACE('',(#3005),#3228,.T.);
#3371=ADVANCED_FACE('',(#3006),#3229,.T.);
#3372=ADVANCED_FACE('',(#3007),#3230,.T.);
#3373=ADVANCED_FACE('',(#3008),#3231,.T.);
#3374=ADVANCED_FACE('',(#3009),#3232,.T.);
#3375=ADVANCED_FACE('',(#3010),#3233,.T.);
#3376=ADVANCED_FACE('',(#3011),#3234,.T.);
#3377=ADVANCED_FACE('',(#3012),#3235,.T.);
#3378=ADVANCED_FACE('',(#3013),#3236,.T.);
#3379=ADVANCED_FACE('',(#3014),#3237,.T.);
#3380=ADVANCED_FACE('',(#3015),#3238,.T.);
#3381=ADVANCED_FACE('',(#3016),#3239,.T.);
#3382=ADVANCED_FACE('',(#3017),#3240,.T.);
#3383=ADVANCED_FACE('',(#3018),#3241,.T.);
#3384=ADVANCED_FACE('',(#3019),#3242,.T.);
#3385=ADVANCED_FACE('',(#3020),#3243,.F.);
#3386=ADVANCED_FACE('',(#3021),#3244,.T.);
#3387=ADVANCED_FACE('',(#3022),#3245,.T.);
#3388=ADVANCED_FACE('',(#3023),#3246,.T.);
#3389=ADVANCED_FACE('',(#3024),#3247,.F.);
#3390=ADVANCED_FACE('',(#3025),#3248,.T.);
#3391=ADVANCED_FACE('',(#3026),#3249,.T.);
#3392=ADVANCED_FACE('',(#3027),#3250,.T.);
#3393=ADVANCED_FACE('',(#3028),#3251,.T.);
#3394=ADVANCED_FACE('',(#3029),#3252,.T.);
#3395=ADVANCED_FACE('',(#3030),#3253,.F.);
#3396=ADVANCED_FACE('',(#3031),#3254,.F.);
#3397=ADVANCED_FACE('',(#3032,#3033),#43,.F.);
#3398=ADVANCED_FACE('',(#3034),#3255,.T.);
#3399=ADVANCED_FACE('',(#3035),#3256,.F.);
#3400=ADVANCED_FACE('',(#3036),#3257,.F.);
#3401=ADVANCED_FACE('',(#3037),#3258,.F.);
#3402=ADVANCED_FACE('',(#3038),#3259,.T.);
#3403=ADVANCED_FACE('',(#3039),#3260,.T.);
#3404=ADVANCED_FACE('',(#3040),#3261,.T.);
#3405=ADVANCED_FACE('',(#3041),#3262,.T.);
#3406=ADVANCED_FACE('',(#3042),#3263,.T.);
#3407=ADVANCED_FACE('',(#3043,#3044,#3045,#3046,#3047,#3048,#3049),#3264,
 .F.);
#3408=ADVANCED_FACE('',(#3050),#3265,.T.);
#3409=ADVANCED_FACE('',(#3051,#3052),#44,.T.);
#3410=ADVANCED_FACE('',(#3053,#3054),#45,.T.);
#3411=ADVANCED_FACE('',(#3055,#3056),#46,.T.);
#3412=ADVANCED_FACE('',(#3057,#3058),#13,.T.);
#3413=ADVANCED_FACE('',(#3059,#3060),#14,.T.);
#3414=ADVANCED_FACE('',(#3061,#3062),#15,.T.);
#3415=ADVANCED_FACE('',(#3063,#3064),#47,.T.);
#3416=ADVANCED_FACE('',(#3065),#3266,.T.);
#3417=ADVANCED_FACE('',(#3066,#3067),#48,.T.);
#3418=ADVANCED_FACE('',(#3068),#3267,.T.);
#3419=ADVANCED_FACE('',(#3069,#3070),#49,.T.);
#3420=ADVANCED_FACE('',(#3071),#3268,.T.);
#3421=ADVANCED_FACE('',(#3072,#3073),#50,.T.);
#3422=ADVANCED_FACE('',(#3074,#3075),#51,.T.);
#3423=ADVANCED_FACE('',(#3076,#3077),#52,.T.);
#3424=ADVANCED_FACE('',(#3078,#3079),#16,.T.);
#3425=ADVANCED_FACE('',(#3080,#3081),#17,.T.);
#3426=ADVANCED_FACE('',(#3082,#3083),#18,.T.);
#3427=ADVANCED_FACE('',(#3084,#3085),#53,.T.);
#3428=ADVANCED_FACE('',(#3086),#3269,.T.);
#3429=ADVANCED_FACE('',(#3087,#3088),#54,.T.);
#3430=ADVANCED_FACE('',(#3089),#3270,.T.);
#3431=ADVANCED_FACE('',(#3090,#3091),#55,.T.);
#3432=ADVANCED_FACE('',(#3092),#3271,.T.);
#3433=ADVANCED_FACE('',(#3093),#3272,.T.);
#3434=ADVANCED_FACE('',(#3094),#3273,.F.);
#3435=ADVANCED_FACE('',(#3095),#3274,.T.);
#3436=ADVANCED_FACE('',(#3096),#3275,.F.);
#3437=ADVANCED_FACE('',(#3097),#3276,.F.);
#3438=ADVANCED_FACE('',(#3098),#56,.T.);
#3439=ADVANCED_FACE('',(#3099),#3277,.F.);
#3440=ADVANCED_FACE('',(#3100),#3278,.F.);
#3441=ADVANCED_FACE('',(#3101,#3102),#3279,.F.);
#3442=ADVANCED_FACE('',(#3103,#3104),#3280,.F.);
#3443=ADVANCED_FACE('',(#3105,#3106),#3281,.F.);
#3444=ADVANCED_FACE('',(#3107,#3108),#3282,.F.);
#3445=ADVANCED_FACE('',(#3109),#3283,.F.);
#3446=ADVANCED_FACE('',(#3110),#3284,.F.);
#3447=ADVANCED_FACE('',(#3111),#57,.F.);
#3448=ADVANCED_FACE('',(#3112),#58,.F.);
#3449=ADVANCED_FACE('',(#3113),#59,.F.);
#3450=ADVANCED_FACE('',(#3114),#60,.F.);
#3451=ADVANCED_FACE('',(#3115),#3285,.F.);
#3452=ADVANCED_FACE('',(#3116),#3286,.F.);
#3453=ADVANCED_FACE('',(#3117,#3118,#3119),#3287,.F.);
#3454=ADVANCED_FACE('',(#3120),#3288,.F.);
#3455=ADVANCED_FACE('',(#3121),#3289,.T.);
#3456=ADVANCED_FACE('',(#3122),#3290,.T.);
#3457=ADVANCED_FACE('',(#3123),#3291,.T.);
#3458=ADVANCED_FACE('',(#3124),#3292,.T.);
#3459=ADVANCED_FACE('',(#3125),#3293,.T.);
#3460=ADVANCED_FACE('',(#3126),#3294,.T.);
#3461=ADVANCED_FACE('',(#3127),#3295,.T.);
#3462=ADVANCED_FACE('',(#3128),#3296,.T.);
#3463=ADVANCED_FACE('',(#3129),#3297,.T.);
#3464=ADVANCED_FACE('',(#3130),#3298,.T.);
#3465=ADVANCED_FACE('',(#3131),#61,.F.);
#3466=ADVANCED_FACE('',(#3132),#62,.F.);
#3467=ADVANCED_FACE('',(#3133),#3299,.T.);
#3468=ADVANCED_FACE('',(#3134),#3300,.T.);
#3469=ADVANCED_FACE('',(#3135),#3301,.T.);
#3470=ADVANCED_FACE('',(#3136),#3302,.T.);
#3471=ADVANCED_FACE('',(#3137),#3303,.T.);
#3472=ADVANCED_FACE('',(#3138),#3304,.T.);
#3473=ADVANCED_FACE('',(#3139),#3305,.T.);
#3474=ADVANCED_FACE('',(#3140),#3306,.T.);
#3475=ADVANCED_FACE('',(#3141),#3307,.T.);
#3476=ADVANCED_FACE('',(#3142),#63,.T.);
#3477=ADVANCED_FACE('',(#3143),#3308,.T.);
#3478=ADVANCED_FACE('',(#3144),#3309,.T.);
#3479=ADVANCED_FACE('',(#3145),#3310,.F.);
#3480=ADVANCED_FACE('',(#3146),#3311,.T.);
#3481=ADVANCED_FACE('',(#3147),#3312,.F.);
#3482=ADVANCED_FACE('',(#3148),#64,.T.);
#3483=ADVANCED_FACE('',(#3149),#3313,.F.);
#3484=ADVANCED_FACE('',(#3150),#3314,.F.);
#3485=ADVANCED_FACE('',(#3151),#3315,.T.);
#3486=ADVANCED_FACE('',(#3152),#3316,.F.);
#3487=ADVANCED_FACE('',(#3153),#3317,.T.);
#3488=ADVANCED_FACE('',(#3154),#3318,.F.);
#3489=ADVANCED_FACE('',(#3155),#3319,.T.);
#3490=ADVANCED_FACE('',(#3156),#65,.T.);
#3491=ADVANCED_FACE('',(#3157),#66,.T.);
#3492=ADVANCED_FACE('',(#3158),#3320,.T.);
#3493=ADVANCED_FACE('',(#3159),#3321,.T.);
#3494=ADVANCED_FACE('',(#3160),#67,.T.);
#3495=ADVANCED_FACE('',(#3161),#68,.T.);
#3496=ADVANCED_FACE('',(#3162),#69,.T.);
#3497=ADVANCED_FACE('',(#3163),#70,.F.);
#3498=ADVANCED_FACE('',(#3164),#71,.T.);
#3499=ADVANCED_FACE('',(#3165),#3322,.F.);
#3500=ADVANCED_FACE('',(#3166),#3323,.F.);
#3501=ADVANCED_FACE('',(#3167),#72,.F.);
#3502=ADVANCED_FACE('',(#3168),#73,.T.);
#3503=ADVANCED_FACE('',(#3169),#74,.F.);
#3504=ADVANCED_FACE('',(#3170),#3324,.T.);
#3505=ADVANCED_FACE('',(#3171),#3325,.F.);
#3506=ADVANCED_FACE('',(#3172),#3326,.F.);
#3507=ADVANCED_FACE('',(#3173),#3327,.F.);
#3508=ADVANCED_FACE('',(#3174),#3328,.F.);
#3509=ADVANCED_FACE('',(#3175),#3329,.T.);
#3510=ADVANCED_FACE('',(#3176),#3330,.F.);
#3511=ADVANCED_FACE('',(#3177),#3331,.F.);
#3512=ADVANCED_FACE('',(#3178),#75,.T.);
#3513=ADVANCED_FACE('',(#3179),#76,.F.);
#3514=ADVANCED_FACE('',(#3180),#77,.T.);
#3515=ADVANCED_FACE('',(#3181),#3332,.F.);
#3516=ADVANCED_FACE('',(#3182),#3333,.F.);
#3517=ADVANCED_FACE('',(#3183),#78,.F.);
#3518=ADVANCED_FACE('',(#3184),#79,.T.);
#3519=ADVANCED_FACE('',(#3185),#80,.F.);
#3520=ADVANCED_FACE('',(#3186),#81,.T.);
#3521=ADVANCED_FACE('',(#3187),#82,.T.);
#3522=ADVANCED_FACE('',(#3188),#3334,.F.);
#3523=ADVANCED_FACE('',(#3189,#3190),#12,.T.);
#3524=ADVANCED_FACE('',(#3191,#3192),#11,.F.);
#3525=CLOSED_SHELL('',(#3335,#3336,#3337,#3338,#3339,#3340,#3341,#3342,
#3343,#3344,#3345,#3346,#3347,#3348,#3349,#3350,#3351,#3352,#3353,#3354,
#3355,#3356,#3357,#3358,#3359,#3360,#3361,#3362,#3363,#3364,#3365,#3366,
#3367,#3368,#3369,#3370,#3371,#3372,#3373,#3374,#3375,#3376,#3377,#3378,
#3379,#3380,#3381,#3382,#3383,#3384,#3385,#3386,#3387,#3388,#3389,#3390,
#3391,#3392,#3393,#3394,#3395,#3396,#3397,#3398,#3399,#3400,#3401,#3402));
#3526=CLOSED_SHELL('',(#3403,#3404,#3405,#3406,#3407,#3408,#3409,#3410,
#3411,#3412,#3413,#3414,#3415,#3416,#3417,#3418,#3419,#3420,#3421,#3422,
#3423,#3424,#3425,#3426,#3427,#3428,#3429,#3430,#3431,#3432));
#3527=CLOSED_SHELL('',(#3433,#3434,#3435,#3436,#3437,#3438,#3439,#3440,
#3441,#3442,#3443,#3444,#3445,#3446,#3447,#3448,#3449,#3450,#3451,#3452,
#3453,#3454,#3455,#3456,#3457,#3458,#3459,#3460,#3461,#3462,#3463,#3464,
#3465,#3466,#3467,#3468,#3469,#3470,#3471,#3472,#3473,#3474,#3475,#3476,
#3477,#3478,#3479,#3480,#3481,#3482,#3483,#3484,#3485,#3486,#3487,#3488,
#3489,#3490,#3491,#3492,#3493,#3494,#3495,#3496,#3497,#3498,#3499,#3500,
#3501,#3502,#3503,#3504,#3505,#3506,#3507,#3508,#3509,#3510,#3511,#3512,
#3513,#3514,#3515,#3516,#3517,#3518,#3519,#3520,#3521));
#3528=CLOSED_SHELL('',(#3522,#3523,#3524));
#3529=STYLED_ITEM('',(#3533),#3560);
#3530=STYLED_ITEM('',(#3534),#3561);
#3531=STYLED_ITEM('',(#3535),#3562);
#3532=STYLED_ITEM('',(#3536),#3563);
#3533=PRESENTATION_STYLE_ASSIGNMENT((#3537));
#3534=PRESENTATION_STYLE_ASSIGNMENT((#3538));
#3535=PRESENTATION_STYLE_ASSIGNMENT((#3539));
#3536=PRESENTATION_STYLE_ASSIGNMENT((#3540));
#3537=SURFACE_STYLE_USAGE(.BOTH.,#3541);
#3538=SURFACE_STYLE_USAGE(.BOTH.,#3542);
#3539=SURFACE_STYLE_USAGE(.BOTH.,#3543);
#3540=SURFACE_STYLE_USAGE(.BOTH.,#3544);
#3541=SURFACE_SIDE_STYLE('',(#3545));
#3542=SURFACE_SIDE_STYLE('',(#3546));
#3543=SURFACE_SIDE_STYLE('',(#3547));
#3544=SURFACE_SIDE_STYLE('',(#3548));
#3545=SURFACE_STYLE_FILL_AREA(#3549);
#3546=SURFACE_STYLE_FILL_AREA(#3550);
#3547=SURFACE_STYLE_FILL_AREA(#3551);
#3548=SURFACE_STYLE_FILL_AREA(#3552);
#3549=FILL_AREA_STYLE('',(#3553));
#3550=FILL_AREA_STYLE('',(#3554));
#3551=FILL_AREA_STYLE('',(#3555));
#3552=FILL_AREA_STYLE('',(#3556));
#3553=FILL_AREA_STYLE_COLOUR('',#3557);
#3554=FILL_AREA_STYLE_COLOUR('',#3558);
#3555=FILL_AREA_STYLE_COLOUR('',#3559);
#3556=FILL_AREA_STYLE_COLOUR('',#3559);
#3557=COLOUR_RGB('',0.28999999165535,0.28999999165535,0.28999999165535);
#3558=COLOUR_RGB('',1.,0.839999973773956,0.);
#3559=COLOUR_RGB('',0.949999988079071,0.949999988079071,0.949999988079071);
#3560=MANIFOLD_SOLID_BREP('A2-toggle-body',#3525);
#3561=MANIFOLD_SOLID_BREP('A24H-toggle-terminals',#3526);
#3562=MANIFOLD_SOLID_BREP('A2H-toggle-bracket_ra',#3527);
#3563=MANIFOLD_SOLID_BREP('AA-toggle-toggle',#3528);
#3564=SHAPE_DEFINITION_REPRESENTATION(#5828,#3569);
#3565=SHAPE_DEFINITION_REPRESENTATION(#5829,#3570);
#3566=SHAPE_DEFINITION_REPRESENTATION(#5831,#3571);
#3567=SHAPE_DEFINITION_REPRESENTATION(#5833,#3572);
#3568=SHAPE_DEFINITION_REPRESENTATION(#5835,#3573);
#3569=SHAPE_REPRESENTATION('A24AH',(#3574,#3645,#3700,#3844,#3850),#5812);
#3570=SHAPE_REPRESENTATION('A2-toggle-body',(#3574),#5813);
#3571=SHAPE_REPRESENTATION('A24H-toggle-terminals',(#3574),#5814);
#3572=SHAPE_REPRESENTATION('A2H-toggle-bracket_ra',(#3574),#5815);
#3573=SHAPE_REPRESENTATION('AA-toggle-toggle',(#3574),#5816);
#3574=AXIS2_PLACEMENT_3D('',#4805,#3851,#3852);
#3575=AXIS2_PLACEMENT_3D('',#4806,#3853,#3854);
#3576=AXIS2_PLACEMENT_3D('',#4817,#3860,#3861);
#3577=AXIS2_PLACEMENT_3D('',#4826,#3866,#3867);
#3578=AXIS2_PLACEMENT_3D('',#4835,#3872,#3873);
#3579=AXIS2_PLACEMENT_3D('',#4844,#3878,#3879);
#3580=AXIS2_PLACEMENT_3D('',#4853,#3884,#3885);
#3581=AXIS2_PLACEMENT_3D('',#4875,#3897,#3898);
#3582=AXIS2_PLACEMENT_3D('',#4897,#3910,#3911);
#3583=AXIS2_PLACEMENT_3D('',#4919,#3923,#3924);
#3584=AXIS2_PLACEMENT_3D('',#4949,#3940,#3941);
#3585=AXIS2_PLACEMENT_3D('',#4958,#3947,#3948);
#3586=AXIS2_PLACEMENT_3D('',#4967,#3954,#3955);
#3587=AXIS2_PLACEMENT_3D('',#4976,#3961,#3962);
#3588=AXIS2_PLACEMENT_3D('',#4985,#3968,#3969);
#3589=AXIS2_PLACEMENT_3D('',#4989,#3973,#3974);
#3590=AXIS2_PLACEMENT_3D('',#4993,#3978,#3979);
#3591=AXIS2_PLACEMENT_3D('',#5001,#3984,#3985);
#3592=AXIS2_PLACEMENT_3D('',#5012,#3991,#3992);
#3593=AXIS2_PLACEMENT_3D('',#5023,#3998,#3999);
#3594=AXIS2_PLACEMENT_3D('',#5034,#4005,#4006);
#3595=AXIS2_PLACEMENT_3D('',#5048,#4014,#4015);
#3596=AXIS2_PLACEMENT_3D('',#5050,#4016,#4017);
#3597=AXIS2_PLACEMENT_3D('',#5053,#4020,#4021);
#3598=AXIS2_PLACEMENT_3D('',#5056,#4024,#4025);
#3599=AXIS2_PLACEMENT_3D('',#5060,#4029,#4030);
#3600=AXIS2_PLACEMENT_3D('',#5065,#4034,#4035);
#3601=AXIS2_PLACEMENT_3D('',#5069,#4039,#4040);
#3602=AXIS2_PLACEMENT_3D('',#5072,#4043,#4044);
#3603=AXIS2_PLACEMENT_3D('',#5073,#4045,#4046);
#3604=AXIS2_PLACEMENT_3D('',#5074,#4047,#4048);
#3605=AXIS2_PLACEMENT_3D('',#5075,#4049,#4050);
#3606=AXIS2_PLACEMENT_3D('',#5076,#4051,#4052);
#3607=AXIS2_PLACEMENT_3D('',#5077,#4053,#4054);
#3608=AXIS2_PLACEMENT_3D('',#5078,#4055,#4056);
#3609=AXIS2_PLACEMENT_3D('',#5079,#4057,#4058);
#3610=AXIS2_PLACEMENT_3D('',#5080,#4059,#4060);
#3611=AXIS2_PLACEMENT_3D('',#5082,#4062,#4063);
#3612=AXIS2_PLACEMENT_3D('',#5089,#4068,#4069);
#3613=AXIS2_PLACEMENT_3D('',#5095,#4074,#4075);
#3614=AXIS2_PLACEMENT_3D('',#5096,#4076,#4077);
#3615=AXIS2_PLACEMENT_3D('',#5097,#4078,#4079);
#3616=AXIS2_PLACEMENT_3D('',#5103,#4084,#4085);
#3617=AXIS2_PLACEMENT_3D('',#5104,#4086,#4087);
#3618=AXIS2_PLACEMENT_3D('',#5105,#4088,#4089);
#3619=AXIS2_PLACEMENT_3D('',#5109,#4093,#4094);
#3620=AXIS2_PLACEMENT_3D('',#5110,#4095,#4096);
#3621=AXIS2_PLACEMENT_3D('',#5111,#4097,#4098);
#3622=AXIS2_PLACEMENT_3D('',#5112,#4099,#4100);
#3623=AXIS2_PLACEMENT_3D('',#5118,#4104,#4105);
#3624=AXIS2_PLACEMENT_3D('',#5124,#4109,#4110);
#3625=AXIS2_PLACEMENT_3D('',#5127,#4113,#4114);
#3626=AXIS2_PLACEMENT_3D('',#5128,#4115,#4116);
#3627=AXIS2_PLACEMENT_3D('',#5129,#4117,#4118);
#3628=AXIS2_PLACEMENT_3D('',#5135,#4122,#4123);
#3629=AXIS2_PLACEMENT_3D('',#5141,#4127,#4128);
#3630=AXIS2_PLACEMENT_3D('',#5144,#4131,#4132);
#3631=AXIS2_PLACEMENT_3D('',#5145,#4133,#4134);
#3632=AXIS2_PLACEMENT_3D('',#5146,#4135,#4136);
#3633=AXIS2_PLACEMENT_3D('',#5152,#4140,#4141);
#3634=AXIS2_PLACEMENT_3D('',#5158,#4145,#4146);
#3635=AXIS2_PLACEMENT_3D('',#5161,#4149,#4150);
#3636=AXIS2_PLACEMENT_3D('',#5162,#4151,#4152);
#3637=AXIS2_PLACEMENT_3D('',#5163,#4153,#4154);
#3638=AXIS2_PLACEMENT_3D('',#5164,#4155,#4156);
#3639=AXIS2_PLACEMENT_3D('',#5165,#4157,#4158);
#3640=AXIS2_PLACEMENT_3D('',#5167,#4159,#4160);
#3641=AXIS2_PLACEMENT_3D('',#5168,#4161,#4162);
#3642=AXIS2_PLACEMENT_3D('',#5174,#4166,#4167);
#3643=AXIS2_PLACEMENT_3D('',#5176,#4169,#4170);
#3644=AXIS2_PLACEMENT_3D('',#5178,#4172,#4173);
#3645=AXIS2_PLACEMENT_3D('',#5179,#4174,#4175);
#3646=AXIS2_PLACEMENT_3D('',#5180,#4176,#4177);
#3647=AXIS2_PLACEMENT_3D('',#5189,#4182,#4183);
#3648=AXIS2_PLACEMENT_3D('',#5195,#4187,#4188);
#3649=AXIS2_PLACEMENT_3D('',#5201,#4192,#4193);
#3650=AXIS2_PLACEMENT_3D('',#5204,#4196,#4197);
#3651=AXIS2_PLACEMENT_3D('',#5205,#4198,#4199);
#3652=AXIS2_PLACEMENT_3D('',#5207,#4200,#4201);
#3653=AXIS2_PLACEMENT_3D('',#5209,#4202,#4203);
#3654=AXIS2_PLACEMENT_3D('',#5211,#4204,#4205);
#3655=AXIS2_PLACEMENT_3D('',#5213,#4206,#4207);
#3656=AXIS2_PLACEMENT_3D('',#5215,#4208,#4209);
#3657=AXIS2_PLACEMENT_3D('',#5217,#4210,#4211);
#3658=AXIS2_PLACEMENT_3D('',#5218,#4212,#4213);
#3659=AXIS2_PLACEMENT_3D('',#5219,#4214,#4215);
#3660=AXIS2_PLACEMENT_3D('',#5221,#4216,#4217);
#3661=AXIS2_PLACEMENT_3D('',#5222,#4218,#4219);
#3662=AXIS2_PLACEMENT_3D('',#5224,#4220,#4221);
#3663=AXIS2_PLACEMENT_3D('',#5225,#4222,#4223);
#3664=AXIS2_PLACEMENT_3D('',#5227,#4224,#4225);
#3665=AXIS2_PLACEMENT_3D('',#5228,#4226,#4227);
#3666=AXIS2_PLACEMENT_3D('',#5230,#4228,#4229);
#3667=AXIS2_PLACEMENT_3D('',#5231,#4230,#4231);
#3668=AXIS2_PLACEMENT_3D('',#5233,#4232,#4233);
#3669=AXIS2_PLACEMENT_3D('',#5234,#4234,#4235);
#3670=AXIS2_PLACEMENT_3D('',#5236,#4236,#4237);
#3671=AXIS2_PLACEMENT_3D('',#5237,#4238,#4239);
#3672=AXIS2_PLACEMENT_3D('',#5239,#4240,#4241);
#3673=AXIS2_PLACEMENT_3D('',#5240,#4242,#4243);
#3674=AXIS2_PLACEMENT_3D('',#5241,#4244,#4245);
#3675=AXIS2_PLACEMENT_3D('',#5243,#4246,#4247);
#3676=AXIS2_PLACEMENT_3D('',#5244,#4248,#4249);
#3677=AXIS2_PLACEMENT_3D('',#5245,#4250,#4251);
#3678=AXIS2_PLACEMENT_3D('',#5247,#4252,#4253);
#3679=AXIS2_PLACEMENT_3D('',#5248,#4254,#4255);
#3680=AXIS2_PLACEMENT_3D('',#5249,#4256,#4257);
#3681=AXIS2_PLACEMENT_3D('',#5251,#4258,#4259);
#3682=AXIS2_PLACEMENT_3D('',#5252,#4260,#4261);
#3683=AXIS2_PLACEMENT_3D('',#5254,#4262,#4263);
#3684=AXIS2_PLACEMENT_3D('',#5255,#4264,#4265);
#3685=AXIS2_PLACEMENT_3D('',#5257,#4266,#4267);
#3686=AXIS2_PLACEMENT_3D('',#5258,#4268,#4269);
#3687=AXIS2_PLACEMENT_3D('',#5260,#4270,#4271);
#3688=AXIS2_PLACEMENT_3D('',#5261,#4272,#4273);
#3689=AXIS2_PLACEMENT_3D('',#5263,#4274,#4275);
#3690=AXIS2_PLACEMENT_3D('',#5264,#4276,#4277);
#3691=AXIS2_PLACEMENT_3D('',#5266,#4278,#4279);
#3692=AXIS2_PLACEMENT_3D('',#5267,#4280,#4281);
#3693=AXIS2_PLACEMENT_3D('',#5269,#4282,#4283);
#3694=AXIS2_PLACEMENT_3D('',#5270,#4284,#4285);
#3695=AXIS2_PLACEMENT_3D('',#5271,#4286,#4287);
#3696=AXIS2_PLACEMENT_3D('',#5273,#4288,#4289);
#3697=AXIS2_PLACEMENT_3D('',#5274,#4290,#4291);
#3698=AXIS2_PLACEMENT_3D('',#5275,#4292,#4293);
#3699=AXIS2_PLACEMENT_3D('',#5277,#4294,#4295);
#3700=AXIS2_PLACEMENT_3D('',#5278,#4296,#4297);
#3701=AXIS2_PLACEMENT_3D('',#5279,#4298,#4299);
#3702=AXIS2_PLACEMENT_3D('',#5287,#4303,#4304);
#3703=AXIS2_PLACEMENT_3D('',#5296,#4309,#4310);
#3704=AXIS2_PLACEMENT_3D('',#5302,#4313,#4314);
#3705=AXIS2_PLACEMENT_3D('',#5313,#4320,#4321);
#3706=AXIS2_PLACEMENT_3D('',#5329,#4329,#4330);
#3707=AXIS2_PLACEMENT_3D('',#5330,#4331,#4332);
#3708=AXIS2_PLACEMENT_3D('',#5344,#4339,#4340);
#3709=AXIS2_PLACEMENT_3D('',#5347,#4342,#4343);
#3710=AXIS2_PLACEMENT_3D('',#5355,#4348,#4349);
#3711=AXIS2_PLACEMENT_3D('',#5356,#4350,#4351);
#3712=AXIS2_PLACEMENT_3D('',#5361,#4353,#4354);
#3713=AXIS2_PLACEMENT_3D('',#5364,#4356,#4357);
#3714=AXIS2_PLACEMENT_3D('',#5370,#4361,#4362);
#3715=AXIS2_PLACEMENT_3D('',#5373,#4365,#4366);
#3716=AXIS2_PLACEMENT_3D('',#5374,#4367,#4368);
#3717=AXIS2_PLACEMENT_3D('',#5378,#4370,#4371);
#3718=AXIS2_PLACEMENT_3D('',#5400,#4383,#4384);
#3719=AXIS2_PLACEMENT_3D('',#5404,#4386,#4387);
#3720=AXIS2_PLACEMENT_3D('',#5418,#4395,#4396);
#3721=AXIS2_PLACEMENT_3D('',#5427,#4401,#4402);
#3722=AXIS2_PLACEMENT_3D('',#5428,#4403,#4404);
#3723=AXIS2_PLACEMENT_3D('',#5432,#4406,#4407);
#3724=AXIS2_PLACEMENT_3D('',#5454,#4419,#4420);
#3725=AXIS2_PLACEMENT_3D('',#5458,#4422,#4423);
#3726=AXIS2_PLACEMENT_3D('',#5472,#4431,#4432);
#3727=AXIS2_PLACEMENT_3D('',#5481,#4437,#4438);
#3728=AXIS2_PLACEMENT_3D('',#5485,#4441,#4442);
#3729=AXIS2_PLACEMENT_3D('',#5489,#4445,#4446);
#3730=AXIS2_PLACEMENT_3D('',#5492,#4448,#4449);
#3731=AXIS2_PLACEMENT_3D('',#5493,#4450,#4451);
#3732=AXIS2_PLACEMENT_3D('',#5494,#4452,#4453);
#3733=AXIS2_PLACEMENT_3D('',#5497,#4455,#4456);
#3734=AXIS2_PLACEMENT_3D('',#5498,#4457,#4458);
#3735=AXIS2_PLACEMENT_3D('',#5501,#4460,#4461);
#3736=AXIS2_PLACEMENT_3D('',#5504,#4463,#4464);
#3737=AXIS2_PLACEMENT_3D('',#5505,#4465,#4466);
#3738=AXIS2_PLACEMENT_3D('',#5517,#4473,#4474);
#3739=AXIS2_PLACEMENT_3D('',#5527,#4480,#4481);
#3740=AXIS2_PLACEMENT_3D('',#5531,#4484,#4485);
#3741=AXIS2_PLACEMENT_3D('',#5535,#4488,#4489);
#3742=AXIS2_PLACEMENT_3D('',#5552,#4498,#4499);
#3743=AXIS2_PLACEMENT_3D('',#5561,#4504,#4505);
#3744=AXIS2_PLACEMENT_3D('',#5568,#4510,#4511);
#3745=AXIS2_PLACEMENT_3D('',#5570,#4513,#4514);
#3746=AXIS2_PLACEMENT_3D('',#5573,#4517,#4518);
#3747=AXIS2_PLACEMENT_3D('',#5576,#4521,#4522);
#3748=AXIS2_PLACEMENT_3D('',#5578,#4524,#4525);
#3749=AXIS2_PLACEMENT_3D('',#5580,#4527,#4528);
#3750=AXIS2_PLACEMENT_3D('',#5581,#4529,#4530);
#3751=AXIS2_PLACEMENT_3D('',#5584,#4533,#4534);
#3752=AXIS2_PLACEMENT_3D('',#5586,#4536,#4537);
#3753=AXIS2_PLACEMENT_3D('',#5588,#4539,#4540);
#3754=AXIS2_PLACEMENT_3D('',#5590,#4542,#4543);
#3755=AXIS2_PLACEMENT_3D('',#5592,#4545,#4546);
#3756=AXIS2_PLACEMENT_3D('',#5593,#4547,#4548);
#3757=AXIS2_PLACEMENT_3D('',#5594,#4549,#4550);
#3758=AXIS2_PLACEMENT_3D('',#5597,#4553,#4554);
#3759=AXIS2_PLACEMENT_3D('',#5599,#4556,#4557);
#3760=AXIS2_PLACEMENT_3D('',#5601,#4559,#4560);
#3761=AXIS2_PLACEMENT_3D('',#5602,#4561,#4562);
#3762=AXIS2_PLACEMENT_3D('',#5605,#4565,#4566);
#3763=AXIS2_PLACEMENT_3D('',#5607,#4568,#4569);
#3764=AXIS2_PLACEMENT_3D('',#5609,#4571,#4572);
#3765=AXIS2_PLACEMENT_3D('',#5610,#4573,#4574);
#3766=AXIS2_PLACEMENT_3D('',#5616,#4578,#4579);
#3767=AXIS2_PLACEMENT_3D('',#5617,#4580,#4581);
#3768=AXIS2_PLACEMENT_3D('',#5619,#4582,#4583);
#3769=AXIS2_PLACEMENT_3D('',#5622,#4585,#4586);
#3770=AXIS2_PLACEMENT_3D('',#5628,#4590,#4591);
#3771=AXIS2_PLACEMENT_3D('',#5631,#4594,#4595);
#3772=AXIS2_PLACEMENT_3D('',#5632,#4596,#4597);
#3773=AXIS2_PLACEMENT_3D('',#5633,#4598,#4599);
#3774=AXIS2_PLACEMENT_3D('',#5639,#4603,#4604);
#3775=AXIS2_PLACEMENT_3D('',#5643,#4606,#4607);
#3776=AXIS2_PLACEMENT_3D('',#5644,#4608,#4609);
#3777=AXIS2_PLACEMENT_3D('',#5645,#4610,#4611);
#3778=AXIS2_PLACEMENT_3D('',#5651,#4615,#4616);
#3779=AXIS2_PLACEMENT_3D('',#5654,#4619,#4620);
#3780=AXIS2_PLACEMENT_3D('',#5655,#4621,#4622);
#3781=AXIS2_PLACEMENT_3D('',#5656,#4623,#4624);
#3782=AXIS2_PLACEMENT_3D('',#5659,#4627,#4628);
#3783=AXIS2_PLACEMENT_3D('',#5660,#4629,#4630);
#3784=AXIS2_PLACEMENT_3D('',#5661,#4631,#4632);
#3785=AXIS2_PLACEMENT_3D('',#5663,#4634,#4635);
#3786=AXIS2_PLACEMENT_3D('',#5665,#4637,#4638);
#3787=AXIS2_PLACEMENT_3D('',#5666,#4639,#4640);
#3788=AXIS2_PLACEMENT_3D('',#5669,#4643,#4644);
#3789=AXIS2_PLACEMENT_3D('',#5670,#4645,#4646);
#3790=AXIS2_PLACEMENT_3D('',#5671,#4647,#4648);
#3791=AXIS2_PLACEMENT_3D('',#5672,#4649,#4650);
#3792=AXIS2_PLACEMENT_3D('',#5677,#4652,#4653);
#3793=AXIS2_PLACEMENT_3D('',#5680,#4655,#4656);
#3794=AXIS2_PLACEMENT_3D('',#5681,#4657,#4658);
#3795=AXIS2_PLACEMENT_3D('',#5685,#4660,#4661);
#3796=AXIS2_PLACEMENT_3D('',#5686,#4662,#4663);
#3797=AXIS2_PLACEMENT_3D('',#5687,#4664,#4665);
#3798=AXIS2_PLACEMENT_3D('',#5691,#4667,#4668);
#3799=AXIS2_PLACEMENT_3D('',#5692,#4669,#4670);
#3800=AXIS2_PLACEMENT_3D('',#5695,#4672,#4673);
#3801=AXIS2_PLACEMENT_3D('',#5698,#4675,#4676);
#3802=AXIS2_PLACEMENT_3D('',#5702,#4678,#4679);
#3803=AXIS2_PLACEMENT_3D('',#5707,#4682,#4683);
#3804=AXIS2_PLACEMENT_3D('',#5708,#4684,#4685);
#3805=AXIS2_PLACEMENT_3D('',#5712,#4687,#4688);
#3806=AXIS2_PLACEMENT_3D('',#5713,#4689,#4690);
#3807=AXIS2_PLACEMENT_3D('',#5714,#4691,#4692);
#3808=AXIS2_PLACEMENT_3D('',#5718,#4694,#4695);
#3809=AXIS2_PLACEMENT_3D('',#5719,#4696,#4697);
#3810=AXIS2_PLACEMENT_3D('',#5720,#4698,#4699);
#3811=AXIS2_PLACEMENT_3D('',#5724,#4701,#4702);
#3812=AXIS2_PLACEMENT_3D('',#5725,#4703,#4704);
#3813=AXIS2_PLACEMENT_3D('',#5729,#4708,#4709);
#3814=AXIS2_PLACEMENT_3D('',#5733,#4713,#4714);
#3815=AXIS2_PLACEMENT_3D('',#5734,#4715,#4716);
#3816=AXIS2_PLACEMENT_3D('',#5735,#4717,#4718);
#3817=AXIS2_PLACEMENT_3D('',#5741,#4722,#4723);
#3818=AXIS2_PLACEMENT_3D('',#5747,#4726,#4727);
#3819=AXIS2_PLACEMENT_3D('',#5749,#4728,#4729);
#3820=AXIS2_PLACEMENT_3D('',#5751,#4730,#4731);
#3821=AXIS2_PLACEMENT_3D('',#5754,#4733,#4734);
#3822=AXIS2_PLACEMENT_3D('',#5756,#4735,#4736);
#3823=AXIS2_PLACEMENT_3D('',#5758,#4737,#4738);
#3824=AXIS2_PLACEMENT_3D('',#5761,#4740,#4741);
#3825=AXIS2_PLACEMENT_3D('',#5769,#4745,#4746);
#3826=AXIS2_PLACEMENT_3D('',#5771,#4747,#4748);
#3827=AXIS2_PLACEMENT_3D('',#5773,#4749,#4750);
#3828=AXIS2_PLACEMENT_3D('',#5776,#4752,#4753);
#3829=AXIS2_PLACEMENT_3D('',#5778,#4754,#4755);
#3830=AXIS2_PLACEMENT_3D('',#5780,#4756,#4757);
#3831=AXIS2_PLACEMENT_3D('',#5781,#4758,#4759);
#3832=AXIS2_PLACEMENT_3D('',#5783,#4761,#4762);
#3833=AXIS2_PLACEMENT_3D('',#5785,#4764,#4765);
#3834=AXIS2_PLACEMENT_3D('',#5787,#4767,#4768);
#3835=AXIS2_PLACEMENT_3D('',#5789,#4770,#4771);
#3836=AXIS2_PLACEMENT_3D('',#5790,#4772,#4773);
#3837=AXIS2_PLACEMENT_3D('',#5791,#4774,#4775);
#3838=AXIS2_PLACEMENT_3D('',#5792,#4776,#4777);
#3839=AXIS2_PLACEMENT_3D('',#5794,#4779,#4780);
#3840=AXIS2_PLACEMENT_3D('',#5796,#4782,#4783);
#3841=AXIS2_PLACEMENT_3D('',#5798,#4785,#4786);
#3842=AXIS2_PLACEMENT_3D('',#5799,#4787,#4788);
#3843=AXIS2_PLACEMENT_3D('',#5800,#4789,#4790);
#3844=AXIS2_PLACEMENT_3D('',#5801,#4791,#4792);
#3845=AXIS2_PLACEMENT_3D('',#5802,#4793,#4794);
#3846=AXIS2_PLACEMENT_3D('',#5803,#4795,#4796);
#3847=AXIS2_PLACEMENT_3D('',#5805,#4797,#4798);
#3848=AXIS2_PLACEMENT_3D('',#5806,#4799,#4800);
#3849=AXIS2_PLACEMENT_3D('',#5808,#4801,#4802);
#3850=AXIS2_PLACEMENT_3D('',#5810,#4803,#4804);
#3851=DIRECTION('',(0.,0.,1.));
#3852=DIRECTION('',(1.,0.,0.));
#3853=DIRECTION('',(0.,0.707106781186547,0.707106781186547));
#3854=DIRECTION('',(0.,-0.707106781186548,0.707106781186548));
#3855=DIRECTION('',(1.50914706366474E-16,-0.707106781186548,0.707106781186548));
#3856=DIRECTION('',(-1.,0.,0.));
#3857=DIRECTION('',(-0.577350269189626,-0.577350269189626,0.577350269189626));
#3858=DIRECTION('',(0.577350269189625,-0.577350269189626,0.577350269189626));
#3859=DIRECTION('',(-1.,0.,0.));
#3860=DIRECTION('',(0.,1.,0.));
#3861=DIRECTION('',(0.,0.,1.));
#3862=DIRECTION('',(1.,0.,0.));
#3863=DIRECTION('',(0.,0.,1.));
#3864=DIRECTION('',(-1.,0.,0.));
#3865=DIRECTION('',(0.,0.,-1.));
#3866=DIRECTION('',(0.,1.,0.));
#3867=DIRECTION('',(0.,0.,1.));
#3868=DIRECTION('',(0.,0.,-1.));
#3869=DIRECTION('',(1.,0.,0.));
#3870=DIRECTION('',(0.,0.,1.));
#3871=DIRECTION('',(-1.,0.,0.));
#3872=DIRECTION('',(0.,1.,0.));
#3873=DIRECTION('',(0.,0.,1.));
#3874=DIRECTION('',(-1.,0.,0.));
#3875=DIRECTION('',(0.,0.,-1.));
#3876=DIRECTION('',(1.,0.,0.));
#3877=DIRECTION('',(0.,0.,1.));
#3878=DIRECTION('',(0.,1.,0.));
#3879=DIRECTION('',(0.,0.,1.));
#3880=DIRECTION('',(0.,0.,1.));
#3881=DIRECTION('',(-1.,0.,0.));
#3882=DIRECTION('',(0.,0.,-1.));
#3883=DIRECTION('',(1.,0.,0.));
#3884=DIRECTION('',(0.,0.,-1.));
#3885=DIRECTION('',(-1.,0.,0.));
#3886=DIRECTION('',(-1.,0.,0.));
#3887=DIRECTION('',(0.,-1.,0.));
#3888=DIRECTION('',(0.,-1.,0.));
#3889=DIRECTION('',(-1.,0.,0.));
#3890=DIRECTION('',(0.,1.,0.));
#3891=DIRECTION('',(-1.,0.,0.));
#3892=DIRECTION('',(0.,1.,0.));
#3893=DIRECTION('',(0.,1.,0.));
#3894=DIRECTION('',(1.,0.,0.));
#3895=DIRECTION('',(0.,1.,0.));
#3896=DIRECTION('',(1.,0.,0.));
#3897=DIRECTION('',(-1.,0.,0.));
#3898=DIRECTION('',(0.,0.,1.));
#3899=DIRECTION('',(0.,-1.,0.));
#3900=DIRECTION('',(0.,0.,1.));
#3901=DIRECTION('',(0.,1.,0.));
#3902=DIRECTION('',(0.,0.,1.));
#3903=DIRECTION('',(0.,-1.,0.));
#3904=DIRECTION('',(0.,0.,1.));
#3905=DIRECTION('',(0.,-1.,0.));
#3906=DIRECTION('',(0.,0.,1.));
#3907=DIRECTION('',(0.,1.,0.));
#3908=DIRECTION('',(0.,0.,1.));
#3909=DIRECTION('',(0.,-1.,0.));
#3910=DIRECTION('',(0.,0.,1.));
#3911=DIRECTION('',(1.,0.,0.));
#3912=DIRECTION('',(-1.,0.,0.));
#3913=DIRECTION('',(0.,1.,0.));
#3914=DIRECTION('',(-1.,0.,0.));
#3915=DIRECTION('',(0.,1.,0.));
#3916=DIRECTION('',(1.,0.,0.));
#3917=DIRECTION('',(0.,-1.,0.));
#3918=DIRECTION('',(0.,-1.,0.));
#3919=DIRECTION('',(1.,0.,0.));
#3920=DIRECTION('',(0.,1.,0.));
#3921=DIRECTION('',(1.,0.,0.));
#3922=DIRECTION('',(0.,1.,0.));
#3923=DIRECTION('',(1.,0.,0.));
#3924=DIRECTION('',(0.,0.,-1.));
#3925=DIRECTION('',(0.,0.,1.));
#3926=DIRECTION('',(0.,1.,0.));
#3927=DIRECTION('',(0.,0.,1.));
#3928=DIRECTION('',(0.,1.,0.));
#3929=DIRECTION('',(0.,0.,-1.));
#3930=DIRECTION('',(0.,-1.,0.));
#3931=DIRECTION('',(0.,-1.,0.));
#3932=DIRECTION('',(0.,0.,-1.));
#3933=DIRECTION('',(0.,1.,0.));
#3934=DIRECTION('',(0.,0.,-1.));
#3935=DIRECTION('',(0.,-1.,0.));
#3936=DIRECTION('',(0.,0.,-1.));
#3937=DIRECTION('',(0.,-1.,0.));
#3938=DIRECTION('',(0.,0.,-1.));
#3939=DIRECTION('',(0.,1.,0.));
#3940=DIRECTION('',(0.,1.,0.));
#3941=DIRECTION('',(0.,0.,1.));
#3942=DIRECTION('',(1.,0.,0.));
#3943=DIRECTION('',(0.,0.,1.));
#3944=DIRECTION('',(1.,0.,0.));
#3945=DIRECTION('',(0.,0.,1.));
#3946=DIRECTION('',(0.707106781186548,0.,0.707106781186548));
#3947=DIRECTION('',(0.,1.,0.));
#3948=DIRECTION('',(0.,0.,1.));
#3949=DIRECTION('',(0.,0.,-1.));
#3950=DIRECTION('',(1.,0.,0.));
#3951=DIRECTION('',(0.,0.,-1.));
#3952=DIRECTION('',(1.,0.,0.));
#3953=DIRECTION('',(0.707106781186548,0.,-0.707106781186548));
#3954=DIRECTION('',(0.,1.,0.));
#3955=DIRECTION('',(0.,0.,1.));
#3956=DIRECTION('',(-1.,0.,0.));
#3957=DIRECTION('',(0.,0.,-1.));
#3958=DIRECTION('',(-1.,0.,0.));
#3959=DIRECTION('',(0.,0.,-1.));
#3960=DIRECTION('',(-0.707106781186548,0.,-0.707106781186548));
#3961=DIRECTION('',(0.,1.,0.));
#3962=DIRECTION('',(0.,0.,1.));
#3963=DIRECTION('',(0.,0.,1.));
#3964=DIRECTION('',(-1.,0.,0.));
#3965=DIRECTION('',(0.,0.,1.));
#3966=DIRECTION('',(-1.,0.,0.));
#3967=DIRECTION('',(-0.707106781186548,0.,0.707106781186548));
#3968=DIRECTION('',(0.,1.,0.));
#3969=DIRECTION('',(0.,0.,1.));
#3970=DIRECTION('',(-1.,0.,0.));
#3971=DIRECTION('',(-0.707106781186548,0.,-0.707106781186548));
#3972=DIRECTION('',(-0.707106781186548,0.,0.707106781186548));
#3973=DIRECTION('',(0.,1.,0.));
#3974=DIRECTION('',(0.,0.,1.));
#3975=DIRECTION('',(1.,0.,9.64635590983144E-17));
#3976=DIRECTION('',(0.707106781186548,0.,0.707106781186548));
#3977=DIRECTION('',(0.707106781186548,0.,-0.707106781186548));
#3978=DIRECTION('',(0.707106781186548,0.,-0.707106781186547));
#3979=DIRECTION('',(-0.707106781186547,0.,-0.707106781186548));
#3980=DIRECTION('',(0.,-1.,0.));
#3981=DIRECTION('',(0.707106781186547,0.,0.707106781186548));
#3982=DIRECTION('',(0.,-1.,0.));
#3983=DIRECTION('',(0.577350269189625,0.577350269189625,0.577350269189626));
#3984=DIRECTION('',(-0.707106781186548,0.,-0.707106781186548));
#3985=DIRECTION('',(-0.707106781186548,0.,0.707106781186548));
#3986=DIRECTION('',(0.,-1.,0.));
#3987=DIRECTION('',(0.707106781186548,0.,-0.707106781186548));
#3988=DIRECTION('',(0.,-1.,0.));
#3989=DIRECTION('',(0.577350269189626,-0.577350269189626,-0.577350269189626));
#3990=DIRECTION('',(0.577350269189626,0.577350269189626,-0.577350269189626));
#3991=DIRECTION('',(-0.707106781186548,0.,0.707106781186548));
#3992=DIRECTION('',(0.707106781186548,0.,0.707106781186548));
#3993=DIRECTION('',(0.,-1.,0.));
#3994=DIRECTION('',(-0.707106781186548,0.,-0.707106781186548));
#3995=DIRECTION('',(0.,-1.,0.));
#3996=DIRECTION('',(-0.577350269189626,-0.577350269189626,-0.577350269189626));
#3997=DIRECTION('',(-0.577350269189626,0.577350269189626,-0.577350269189626));
#3998=DIRECTION('',(0.707106781186548,0.,0.707106781186548));
#3999=DIRECTION('',(0.707106781186548,0.,-0.707106781186548));
#4000=DIRECTION('',(0.,-1.,0.));
#4001=DIRECTION('',(-0.707106781186548,0.,0.707106781186548));
#4002=DIRECTION('',(0.,-1.,0.));
#4003=DIRECTION('',(-0.577350269189626,-0.577350269189626,0.577350269189626));
#4004=DIRECTION('',(-0.577350269189626,0.577350269189626,0.577350269189626));
#4005=DIRECTION('',(0.,1.,0.));
#4006=DIRECTION('',(0.,0.,1.));
#4007=DIRECTION('',(2.1342562450502E-16,0.,1.));
#4008=DIRECTION('',(-1.,0.,0.));
#4009=DIRECTION('',(9.60415310272592E-16,0.,-1.));
#4010=DIRECTION('',(-1.,0.,0.));
#4011=DIRECTION('',(0.,0.,-1.));
#4012=DIRECTION('',(-1.,0.,0.));
#4013=DIRECTION('',(0.,0.,-1.));
#4014=DIRECTION('',(0.,1.,0.));
#4015=DIRECTION('',(1.,0.,0.));
#4016=DIRECTION('',(1.,0.,0.));
#4017=DIRECTION('',(0.,0.,-1.));
#4018=DIRECTION('',(0.,0.,1.));
#4019=DIRECTION('',(0.,0.,-1.));
#4020=DIRECTION('',(-1.,0.,0.));
#4021=DIRECTION('',(0.,0.,1.));
#4022=DIRECTION('',(0.,0.,-1.));
#4023=DIRECTION('',(0.,0.,-1.));
#4024=DIRECTION('',(0.,0.707106781186547,-0.707106781186547));
#4025=DIRECTION('',(0.,0.707106781186548,0.707106781186548));
#4026=DIRECTION('',(0.577350269189626,0.577350269189626,0.577350269189626));
#4027=DIRECTION('',(0.577350269189626,-0.577350269189626,-0.577350269189626));
#4028=DIRECTION('',(-1.,0.,0.));
#4029=DIRECTION('',(0.,0.707106781186547,0.707106781186547));
#4030=DIRECTION('',(0.,-0.707106781186548,0.707106781186548));
#4031=DIRECTION('',(6.79116178649132E-16,0.707106781186548,-0.707106781186548));
#4032=DIRECTION('',(-1.,0.,0.));
#4033=DIRECTION('',(-0.577350269189626,0.577350269189626,-0.577350269189626));
#4034=DIRECTION('',(9.64635590983144E-17,0.,-1.));
#4035=DIRECTION('',(-1.,0.,-9.64635590983144E-17));
#4036=DIRECTION('',(1.,0.,0.));
#4037=DIRECTION('',(1.,0.,0.));
#4038=DIRECTION('',(1.,0.,0.));
#4039=DIRECTION('',(0.,0.,1.));
#4040=DIRECTION('',(1.,0.,0.));
#4041=DIRECTION('',(-1.,0.,0.));
#4042=DIRECTION('',(-1.,0.,0.));
#4043=DIRECTION('',(0.707106781186548,0.707106781186548,0.));
#4044=DIRECTION('',(-0.707106781186548,0.707106781186548,0.));
#4045=DIRECTION('',(-0.707106781186548,0.707106781186548,0.));
#4046=DIRECTION('',(-0.707106781186548,-0.707106781186548,0.));
#4047=DIRECTION('',(-0.707106781186548,0.,0.707106781186548));
#4048=DIRECTION('',(0.707106781186548,0.,0.707106781186548));
#4049=DIRECTION('',(0.707106781186548,0.,0.707106781186548));
#4050=DIRECTION('',(0.707106781186548,0.,-0.707106781186548));
#4051=DIRECTION('',(0.707106781186548,0.,-0.707106781186548));
#4052=DIRECTION('',(-0.707106781186548,0.,-0.707106781186548));
#4053=DIRECTION('',(-0.707106781186548,0.,-0.707106781186548));
#4054=DIRECTION('',(-0.707106781186548,0.,0.707106781186548));
#4055=DIRECTION('',(0.,1.,0.));
#4056=DIRECTION('',(0.,0.,1.));
#4057=DIRECTION('',(0.,1.,0.));
#4058=DIRECTION('',(0.,0.,1.));
#4059=DIRECTION('',(0.,0.,-1.));
#4060=DIRECTION('',(-1.,0.,0.));
#4061=DIRECTION('',(0.,-1.,0.));
#4062=DIRECTION('',(1.,0.,0.));
#4063=DIRECTION('',(0.,0.,-1.));
#4064=DIRECTION('',(0.,-1.,0.));
#4065=DIRECTION('',(0.,-1.,0.));
#4066=DIRECTION('',(0.,0.,1.));
#4067=DIRECTION('',(0.,-1.,0.));
#4068=DIRECTION('',(0.,0.,-1.));
#4069=DIRECTION('',(-1.,0.,0.));
#4070=DIRECTION('',(1.,0.,0.));
#4071=DIRECTION('',(0.,-1.,0.));
#4072=DIRECTION('',(0.,-1.,0.));
#4073=DIRECTION('',(0.,-1.,0.));
#4074=DIRECTION('',(1.,0.,0.));
#4075=DIRECTION('',(0.,0.,-1.));
#4076=DIRECTION('',(-1.,0.,0.));
#4077=DIRECTION('',(0.,0.,1.));
#4078=DIRECTION('',(-1.,0.,0.));
#4079=DIRECTION('',(0.,0.,1.));
#4080=DIRECTION('',(0.,0.,-1.));
#4081=DIRECTION('',(0.,-1.,0.));
#4082=DIRECTION('',(0.,-1.,0.));
#4083=DIRECTION('',(0.,-1.,0.));
#4084=DIRECTION('',(0.,0.,-1.));
#4085=DIRECTION('',(-1.,0.,0.));
#4086=DIRECTION('',(0.,0.,1.));
#4087=DIRECTION('',(1.,0.,0.));
#4088=DIRECTION('',(0.,0.,1.));
#4089=DIRECTION('',(1.,0.,0.));
#4090=DIRECTION('',(-1.,0.,0.));
#4091=DIRECTION('',(0.,-1.,0.));
#4092=DIRECTION('',(0.,-1.,0.));
#4093=DIRECTION('',(-1.,0.,0.));
#4094=DIRECTION('',(0.,0.,1.));
#4095=DIRECTION('',(1.,0.,0.));
#4096=DIRECTION('',(0.,0.,-1.));
#4097=DIRECTION('',(0.,0.,1.));
#4098=DIRECTION('',(1.,0.,0.));
#4099=DIRECTION('',(-0.707106781186548,0.,0.707106781186547));
#4100=DIRECTION('',(0.707106781186547,0.,0.707106781186548));
#4101=DIRECTION('',(0.707106781186547,0.,0.707106781186548));
#4102=DIRECTION('',(0.707106781186547,0.,0.707106781186548));
#4103=DIRECTION('',(0.,1.,0.));
#4104=DIRECTION('',(0.,0.,1.));
#4105=DIRECTION('',(1.,0.,0.));
#4106=DIRECTION('',(1.,0.,0.));
#4107=DIRECTION('',(1.,0.,0.));
#4108=DIRECTION('',(0.,1.,0.));
#4109=DIRECTION('',(1.,0.,1.0842021724855E-16));
#4110=DIRECTION('',(1.0842021724855E-16,0.,-1.));
#4111=DIRECTION('',(1.0842021724855E-16,0.,-1.));
#4112=DIRECTION('',(1.0842021724855E-16,0.,-1.));
#4113=DIRECTION('',(0.,-1.,0.));
#4114=DIRECTION('',(0.,0.,-1.));
#4115=DIRECTION('',(0.,-1.,0.));
#4116=DIRECTION('',(0.,0.,-1.));
#4117=DIRECTION('',(-0.707106781186312,0.,-0.707106781186783));
#4118=DIRECTION('',(-0.707106781186783,0.,0.707106781186312));
#4119=DIRECTION('',(-0.707106781186783,0.,0.707106781186312));
#4120=DIRECTION('',(0.,1.,0.));
#4121=DIRECTION('',(-0.707106781186783,0.,0.707106781186312));
#4122=DIRECTION('',(1.,0.,0.));
#4123=DIRECTION('',(0.,0.,-1.));
#4124=DIRECTION('',(0.,0.,-1.));
#4125=DIRECTION('',(0.,0.,-1.));
#4126=DIRECTION('',(0.,1.,0.));
#4127=DIRECTION('',(0.,0.,-1.));
#4128=DIRECTION('',(-1.,0.,0.));
#4129=DIRECTION('',(-1.,0.,0.));
#4130=DIRECTION('',(-1.,0.,0.));
#4131=DIRECTION('',(0.,1.,0.));
#4132=DIRECTION('',(0.,0.,1.));
#4133=DIRECTION('',(0.,1.,0.));
#4134=DIRECTION('',(0.,0.,1.));
#4135=DIRECTION('',(0.707106781186548,0.,0.707106781186548));
#4136=DIRECTION('',(0.707106781186548,0.,-0.707106781186548));
#4137=DIRECTION('',(0.707106781186547,0.,-0.707106781186547));
#4138=DIRECTION('',(0.707106781186547,0.,-0.707106781186547));
#4139=DIRECTION('',(0.,1.,0.));
#4140=DIRECTION('',(1.,0.,0.));
#4141=DIRECTION('',(0.,0.,-1.));
#4142=DIRECTION('',(0.,0.,-1.));
#4143=DIRECTION('',(0.,0.,-1.));
#4144=DIRECTION('',(0.,1.,0.));
#4145=DIRECTION('',(0.,0.,-1.));
#4146=DIRECTION('',(-1.,0.,0.));
#4147=DIRECTION('',(-1.,0.,0.));
#4148=DIRECTION('',(-1.,0.,0.));
#4149=DIRECTION('',(0.,-1.,0.));
#4150=DIRECTION('',(0.,0.,-1.));
#4151=DIRECTION('',(0.,-1.,0.));
#4152=DIRECTION('',(0.,0.,-1.));
#4153=DIRECTION('',(0.,1.,0.));
#4154=DIRECTION('',(0.,0.,1.));
#4155=DIRECTION('',(0.,1.,0.));
#4156=DIRECTION('',(0.,0.,1.));
#4157=DIRECTION('',(0.,1.,0.));
#4158=DIRECTION('',(1.,0.,0.));
#4159=DIRECTION('',(0.,1.,0.));
#4160=DIRECTION('',(0.,0.,1.));
#4161=DIRECTION('',(0.,0.,-1.));
#4162=DIRECTION('',(-1.,0.,0.));
#4163=DIRECTION('',(0.,1.,0.));
#4164=DIRECTION('',(-1.,0.,0.));
#4165=DIRECTION('',(0.,1.,0.));
#4166=DIRECTION('',(-1.,0.,2.1342562450502E-16));
#4167=DIRECTION('',(2.1342562450502E-16,0.,1.));
#4168=DIRECTION('',(2.1342562450502E-16,0.,1.));
#4169=DIRECTION('',(1.,0.,9.60415310272592E-16));
#4170=DIRECTION('',(9.60415310272592E-16,0.,-1.));
#4171=DIRECTION('',(9.60415310272592E-16,0.,-1.));
#4172=DIRECTION('',(0.,1.,0.));
#4173=DIRECTION('',(0.,0.,1.));
#4174=DIRECTION('',(1.,0.,0.));
#4175=DIRECTION('',(0.,1.,0.));
#4176=DIRECTION('',(0.,0.,-1.));
#4177=DIRECTION('',(-1.,0.,0.));
#4178=DIRECTION('',(-1.,0.,0.));
#4179=DIRECTION('',(0.,1.,0.));
#4180=DIRECTION('',(-1.,0.,0.));
#4181=DIRECTION('',(0.,1.,0.));
#4182=DIRECTION('',(-1.,0.,0.));
#4183=DIRECTION('',(0.,0.,1.));
#4184=DIRECTION('',(0.,0.,1.));
#4185=DIRECTION('',(0.,0.,1.));
#4186=DIRECTION('',(0.,1.,0.));
#4187=DIRECTION('',(0.,0.,1.));
#4188=DIRECTION('',(1.,0.,0.));
#4189=DIRECTION('',(1.,0.,0.));
#4190=DIRECTION('',(1.,0.,0.));
#4191=DIRECTION('',(0.,1.,0.));
#4192=DIRECTION('',(1.,0.,0.));
#4193=DIRECTION('',(0.,0.,-1.));
#4194=DIRECTION('',(0.,0.,-1.));
#4195=DIRECTION('',(0.,0.,-1.));
#4196=DIRECTION('',(0.,1.,0.));
#4197=DIRECTION('',(0.,0.,1.));
#4198=DIRECTION('',(0.,1.,0.));
#4199=DIRECTION('',(0.,0.,1.));
#4200=DIRECTION('',(0.,1.,0.));
#4201=DIRECTION('',(0.,0.,1.));
#4202=DIRECTION('',(0.,1.,0.));
#4203=DIRECTION('',(0.,0.,1.));
#4204=DIRECTION('',(0.,1.,0.));
#4205=DIRECTION('',(0.,0.,1.));
#4206=DIRECTION('',(0.,1.,0.));
#4207=DIRECTION('',(0.,0.,1.));
#4208=DIRECTION('',(0.,1.,0.));
#4209=DIRECTION('',(0.,0.,1.));
#4210=DIRECTION('',(0.,1.,0.));
#4211=DIRECTION('',(0.,0.,1.));
#4212=DIRECTION('',(0.,1.,0.));
#4213=DIRECTION('',(0.,0.,1.));
#4214=DIRECTION('',(6.12323399573677E-17,-1.,0.));
#4215=DIRECTION('',(0.,0.,-1.));
#4216=DIRECTION('',(0.,1.,0.));
#4217=DIRECTION('',(0.,0.,1.));
#4218=DIRECTION('',(6.12323399573677E-17,-1.,0.));
#4219=DIRECTION('',(0.,0.,-1.));
#4220=DIRECTION('',(0.,1.,0.));
#4221=DIRECTION('',(0.,0.,1.));
#4222=DIRECTION('',(6.12323399573677E-17,-1.,0.));
#4223=DIRECTION('',(0.,0.,-1.));
#4224=DIRECTION('',(0.,0.,1.));
#4225=DIRECTION('',(1.,0.,0.));
#4226=DIRECTION('',(1.,0.,0.));
#4227=DIRECTION('',(0.,0.,-1.));
#4228=DIRECTION('',(0.,0.,1.));
#4229=DIRECTION('',(1.,0.,0.));
#4230=DIRECTION('',(1.,0.,0.));
#4231=DIRECTION('',(0.,0.,-1.));
#4232=DIRECTION('',(0.,0.,1.));
#4233=DIRECTION('',(1.,0.,0.));
#4234=DIRECTION('',(1.,0.,0.));
#4235=DIRECTION('',(0.,0.,-1.));
#4236=DIRECTION('',(-1.,0.,0.));
#4237=DIRECTION('',(0.,0.,1.));
#4238=DIRECTION('',(1.,0.,0.));
#4239=DIRECTION('',(0.,0.,-1.));
#4240=DIRECTION('',(1.,0.,0.));
#4241=DIRECTION('',(0.,0.,-1.));
#4242=DIRECTION('',(-1.,0.,0.));
#4243=DIRECTION('',(0.,0.,1.));
#4244=DIRECTION('',(1.,0.,0.));
#4245=DIRECTION('',(0.,0.,-1.));
#4246=DIRECTION('',(1.,0.,0.));
#4247=DIRECTION('',(0.,0.,-1.));
#4248=DIRECTION('',(-1.,0.,0.));
#4249=DIRECTION('',(0.,0.,1.));
#4250=DIRECTION('',(1.,0.,0.));
#4251=DIRECTION('',(0.,0.,-1.));
#4252=DIRECTION('',(1.,0.,0.));
#4253=DIRECTION('',(0.,0.,-1.));
#4254=DIRECTION('',(0.,1.,0.));
#4255=DIRECTION('',(0.,0.,1.));
#4256=DIRECTION('',(6.12323399573677E-17,-1.,0.));
#4257=DIRECTION('',(0.,0.,-1.));
#4258=DIRECTION('',(0.,1.,0.));
#4259=DIRECTION('',(0.,0.,1.));
#4260=DIRECTION('',(6.12323399573677E-17,-1.,0.));
#4261=DIRECTION('',(0.,0.,-1.));
#4262=DIRECTION('',(0.,1.,0.));
#4263=DIRECTION('',(0.,0.,1.));
#4264=DIRECTION('',(6.12323399573677E-17,-1.,0.));
#4265=DIRECTION('',(0.,0.,-1.));
#4266=DIRECTION('',(0.,0.,1.));
#4267=DIRECTION('',(1.,0.,0.));
#4268=DIRECTION('',(1.,0.,0.));
#4269=DIRECTION('',(0.,0.,-1.));
#4270=DIRECTION('',(0.,0.,1.));
#4271=DIRECTION('',(1.,0.,0.));
#4272=DIRECTION('',(1.,0.,0.));
#4273=DIRECTION('',(0.,0.,-1.));
#4274=DIRECTION('',(0.,0.,1.));
#4275=DIRECTION('',(1.,0.,0.));
#4276=DIRECTION('',(1.,0.,0.));
#4277=DIRECTION('',(0.,0.,-1.));
#4278=DIRECTION('',(-1.,0.,0.));
#4279=DIRECTION('',(0.,0.,1.));
#4280=DIRECTION('',(1.,0.,0.));
#4281=DIRECTION('',(0.,0.,-1.));
#4282=DIRECTION('',(1.,0.,0.));
#4283=DIRECTION('',(0.,0.,-1.));
#4284=DIRECTION('',(-1.,0.,0.));
#4285=DIRECTION('',(0.,0.,1.));
#4286=DIRECTION('',(1.,0.,0.));
#4287=DIRECTION('',(0.,0.,-1.));
#4288=DIRECTION('',(1.,0.,0.));
#4289=DIRECTION('',(0.,0.,-1.));
#4290=DIRECTION('',(-1.,0.,0.));
#4291=DIRECTION('',(0.,0.,1.));
#4292=DIRECTION('',(1.,0.,0.));
#4293=DIRECTION('',(0.,0.,-1.));
#4294=DIRECTION('',(1.,0.,0.));
#4295=DIRECTION('',(0.,0.,-1.));
#4296=DIRECTION('',(-1.,0.,0.));
#4297=DIRECTION('',(0.,-1.,0.));
#4298=DIRECTION('',(0.,1.,0.));
#4299=DIRECTION('',(0.,0.,1.));
#4300=DIRECTION('',(-3.40313228824905E-16,0.,1.));
#4301=DIRECTION('',(-1.,0.,0.));
#4302=DIRECTION('',(0.,0.,-1.));
#4303=DIRECTION('',(0.,1.,0.));
#4304=DIRECTION('',(1.,0.,0.));
#4305=DIRECTION('',(-1.,0.,0.));
#4306=DIRECTION('',(0.,0.,-1.));
#4307=DIRECTION('',(-1.,0.,-3.00284313863066E-17));
#4308=DIRECTION('',(-0.707106781186549,0.,0.707106781186546));
#4309=DIRECTION('',(0.,1.,0.));
#4310=DIRECTION('',(0.,0.,1.));
#4311=DIRECTION('',(-1.,0.,0.));
#4312=DIRECTION('',(0.,0.,1.));
#4313=DIRECTION('',(0.,1.,0.));
#4314=DIRECTION('',(1.,0.,0.));
#4315=DIRECTION('',(1.,0.,0.));
#4316=DIRECTION('',(0.,0.,1.));
#4317=DIRECTION('',(-1.,0.,-3.00284313863066E-17));
#4318=DIRECTION('',(-0.707106781186547,0.,-0.707106781186548));
#4319=DIRECTION('',(0.,0.,-1.));
#4320=DIRECTION('',(0.,1.,0.));
#4321=DIRECTION('',(0.,0.,1.));
#4322=DIRECTION('',(0.,0.,1.));
#4323=DIRECTION('',(-1.,0.,0.));
#4324=DIRECTION('',(0.,0.,-1.));
#4325=DIRECTION('',(-0.707106781186547,0.,-0.707106781186548));
#4326=DIRECTION('',(-1.,0.,-3.00284313863066E-17));
#4327=DIRECTION('',(0.,0.,-1.));
#4328=DIRECTION('',(-1.,0.,0.));
#4329=DIRECTION('',(0.,1.,0.));
#4330=DIRECTION('',(1.,0.,0.));
#4331=DIRECTION('',(0.,1.,0.));
#4332=DIRECTION('',(0.,0.,1.));
#4333=DIRECTION('',(-1.,0.,0.));
#4334=DIRECTION('',(-3.40313228824905E-16,0.,1.));
#4335=DIRECTION('',(-0.707106781186549,0.,0.707106781186546));
#4336=DIRECTION('',(-1.,0.,-3.00284313863066E-17));
#4337=DIRECTION('',(0.,0.,1.));
#4338=DIRECTION('',(1.,0.,0.));
#4339=DIRECTION('',(0.,1.,0.));
#4340=DIRECTION('',(1.,0.,0.));
#4341=DIRECTION('',(0.,0.,-1.));
#4342=DIRECTION('',(0.,1.,0.));
#4343=DIRECTION('',(0.,0.,1.));
#4344=DIRECTION('',(0.,0.,-1.));
#4345=DIRECTION('',(-1.,0.,-3.00284313863066E-17));
#4346=DIRECTION('',(0.,0.,-1.));
#4347=DIRECTION('',(-1.,0.,0.));
#4348=DIRECTION('',(-1.,0.,0.));
#4349=DIRECTION('',(0.,0.,1.));
#4350=DIRECTION('',(1.,0.,0.));
#4351=DIRECTION('',(0.,0.,-1.));
#4352=DIRECTION('',(-1.,0.,0.));
#4353=DIRECTION('',(1.,0.,0.));
#4354=DIRECTION('',(0.,0.,-1.));
#4355=DIRECTION('',(-1.,0.,0.));
#4356=DIRECTION('',(0.,0.,1.));
#4357=DIRECTION('',(1.,0.,0.));
#4358=DIRECTION('',(0.,1.,0.));
#4359=DIRECTION('',(0.,1.,0.));
#4360=DIRECTION('',(-1.,0.,0.));
#4361=DIRECTION('',(0.,-1.,0.));
#4362=DIRECTION('',(0.,0.,-1.));
#4363=DIRECTION('',(0.,0.,1.));
#4364=DIRECTION('',(0.,0.,1.));
#4365=DIRECTION('',(1.,0.,3.40313228824905E-16));
#4366=DIRECTION('',(3.40313228824905E-16,0.,-1.));
#4367=DIRECTION('',(1.,0.,3.40313228824905E-16));
#4368=DIRECTION('',(3.40313228824905E-16,0.,-1.));
#4369=DIRECTION('',(0.,-1.,0.));
#4370=DIRECTION('',(1.,0.,3.40313228824905E-16));
#4371=DIRECTION('',(3.40313228824905E-16,0.,-1.));
#4372=DIRECTION('',(0.,-1.,0.));
#4373=DIRECTION('',(3.40313228824905E-16,0.,-1.));
#4374=DIRECTION('',(2.4063779182958E-16,0.707106781186547,-0.707106781186548));
#4375=DIRECTION('',(0.,1.,0.));
#4376=DIRECTION('',(-2.4063779182958E-16,0.707106781186548,0.707106781186548));
#4377=DIRECTION('',(-3.40313228824905E-16,0.,1.));
#4378=DIRECTION('',(0.,-1.,0.));
#4379=DIRECTION('',(3.40313228824905E-16,0.,-1.));
#4380=DIRECTION('',(0.,1.,0.));
#4381=DIRECTION('',(-3.40313228824905E-16,0.,1.));
#4382=DIRECTION('',(0.,-1.,0.));
#4383=DIRECTION('',(-1.,0.,0.));
#4384=DIRECTION('',(0.,0.,1.));
#4385=DIRECTION('',(0.,1.,0.));
#4386=DIRECTION('',(-1.,0.,0.));
#4387=DIRECTION('',(0.,0.,1.));
#4388=DIRECTION('',(0.,-1.,0.));
#4389=DIRECTION('',(0.,0.,-1.));
#4390=DIRECTION('',(0.,-0.707106781186548,-0.707106781186548));
#4391=DIRECTION('',(0.,-1.,0.));
#4392=DIRECTION('',(0.,-0.707106781186547,0.707106781186548));
#4393=DIRECTION('',(0.,0.,1.));
#4394=DIRECTION('',(0.,-1.,0.));
#4395=DIRECTION('',(-1.,0.,0.));
#4396=DIRECTION('',(0.,0.,1.));
#4397=DIRECTION('',(0.,0.,1.));
#4398=DIRECTION('',(0.,1.,0.));
#4399=DIRECTION('',(0.,0.,-1.));
#4400=DIRECTION('',(0.,-1.,0.));
#4401=DIRECTION('',(1.,0.,0.));
#4402=DIRECTION('',(0.,0.,-1.));
#4403=DIRECTION('',(1.,0.,0.));
#4404=DIRECTION('',(0.,0.,-1.));
#4405=DIRECTION('',(0.,-1.,0.));
#4406=DIRECTION('',(1.,0.,0.));
#4407=DIRECTION('',(0.,0.,-1.));
#4408=DIRECTION('',(0.,-1.,0.));
#4409=DIRECTION('',(0.,0.,-1.));
#4410=DIRECTION('',(0.,0.707106781186547,-0.707106781186548));
#4411=DIRECTION('',(0.,1.,0.));
#4412=DIRECTION('',(0.,0.707106781186548,0.707106781186548));
#4413=DIRECTION('',(0.,0.,1.));
#4414=DIRECTION('',(0.,-1.,0.));
#4415=DIRECTION('',(0.,0.,-1.));
#4416=DIRECTION('',(0.,1.,0.));
#4417=DIRECTION('',(0.,0.,1.));
#4418=DIRECTION('',(0.,-1.,0.));
#4419=DIRECTION('',(-1.,0.,0.));
#4420=DIRECTION('',(0.,0.,1.));
#4421=DIRECTION('',(0.,1.,0.));
#4422=DIRECTION('',(-1.,0.,0.));
#4423=DIRECTION('',(0.,0.,1.));
#4424=DIRECTION('',(0.,-1.,0.));
#4425=DIRECTION('',(0.,0.,-1.));
#4426=DIRECTION('',(0.,-0.707106781186548,-0.707106781186548));
#4427=DIRECTION('',(0.,-1.,0.));
#4428=DIRECTION('',(0.,-0.707106781186547,0.707106781186548));
#4429=DIRECTION('',(0.,0.,1.));
#4430=DIRECTION('',(0.,-1.,0.));
#4431=DIRECTION('',(-1.,0.,0.));
#4432=DIRECTION('',(0.,0.,1.));
#4433=DIRECTION('',(0.,0.,1.));
#4434=DIRECTION('',(0.,1.,0.));
#4435=DIRECTION('',(0.,0.,-1.));
#4436=DIRECTION('',(0.,-1.,0.));
#4437=DIRECTION('',(0.707106781186546,0.,0.707106781186549));
#4438=DIRECTION('',(0.707106781186549,0.,-0.707106781186546));
#4439=DIRECTION('',(0.,-1.,0.));
#4440=DIRECTION('',(-0.707106781186549,0.,0.707106781186546));
#4441=DIRECTION('',(-0.707106781186549,0.,0.707106781186547));
#4442=DIRECTION('',(0.707106781186547,0.,0.707106781186548));
#4443=DIRECTION('',(-0.707106781186547,0.,-0.707106781186548));
#4444=DIRECTION('',(0.,-1.,0.));
#4445=DIRECTION('',(0.,-1.,0.));
#4446=DIRECTION('',(0.,0.,-1.));
#4447=DIRECTION('',(0.,-1.,0.));
#4448=DIRECTION('',(0.,1.,0.));
#4449=DIRECTION('',(0.,0.,1.));
#4450=DIRECTION('',(0.,-1.,0.));
#4451=DIRECTION('',(0.,0.,-1.));
#4452=DIRECTION('',(0.,-1.,0.));
#4453=DIRECTION('',(0.,0.,-1.));
#4454=DIRECTION('',(0.,-1.,0.));
#4455=DIRECTION('',(0.,-1.,0.));
#4456=DIRECTION('',(0.,0.,-1.));
#4457=DIRECTION('',(0.,1.,0.));
#4458=DIRECTION('',(0.,0.,1.));
#4459=DIRECTION('',(0.,-1.,0.));
#4460=DIRECTION('',(0.,-1.,0.));
#4461=DIRECTION('',(0.,0.,-1.));
#4462=DIRECTION('',(0.,-1.,0.));
#4463=DIRECTION('',(0.,-1.,0.));
#4464=DIRECTION('',(0.,0.,-1.));
#4465=DIRECTION('',(0.,0.,-1.));
#4466=DIRECTION('',(-1.,0.,0.));
#4467=DIRECTION('',(-1.,0.,0.));
#4468=DIRECTION('',(0.,-1.,0.));
#4469=DIRECTION('',(-1.,0.,0.));
#4470=DIRECTION('',(0.,-1.,0.));
#4471=DIRECTION('',(0.,-1.,0.));
#4472=DIRECTION('',(-1.,0.,0.));
#4473=DIRECTION('',(0.,0.,1.));
#4474=DIRECTION('',(1.,0.,0.));
#4475=DIRECTION('',(1.,0.,0.));
#4476=DIRECTION('',(0.,-1.,0.));
#4477=DIRECTION('',(1.,0.,0.));
#4478=DIRECTION('',(0.,-1.,0.));
#4479=DIRECTION('',(1.,0.,0.));
#4480=DIRECTION('',(0.,0.,1.));
#4481=DIRECTION('',(1.,0.,0.));
#4482=DIRECTION('',(-1.,0.,0.));
#4483=DIRECTION('',(0.,-1.,0.));
#4484=DIRECTION('',(-0.707106781186549,0.,0.707106781186547));
#4485=DIRECTION('',(0.707106781186547,0.,0.707106781186548));
#4486=DIRECTION('',(0.,-1.,0.));
#4487=DIRECTION('',(0.707106781186547,0.,0.707106781186548));
#4488=DIRECTION('',(-3.00284313863066E-17,0.,1.));
#4489=DIRECTION('',(1.,0.,3.00284313863066E-17));
#4490=DIRECTION('',(0.,-1.,0.));
#4491=DIRECTION('',(-1.,0.,-3.00284313863066E-17));
#4492=DIRECTION('',(0.,1.,0.));
#4493=DIRECTION('',(-1.,0.,-3.00284313863066E-17));
#4494=DIRECTION('',(0.,-1.,0.));
#4495=DIRECTION('',(-1.,0.,-3.00284313863066E-17));
#4496=DIRECTION('',(0.,-1.,0.));
#4497=DIRECTION('',(-1.,0.,-3.00284313863066E-17));
#4498=DIRECTION('',(0.,0.,1.));
#4499=DIRECTION('',(1.,0.,0.));
#4500=DIRECTION('',(-1.,0.,0.));
#4501=DIRECTION('',(-1.,0.,-3.00284313863066E-17));
#4502=DIRECTION('',(-1.,0.,-3.00284313863066E-17));
#4503=DIRECTION('',(-1.,0.,0.));
#4504=DIRECTION('',(0.,0.,1.));
#4505=DIRECTION('',(1.,0.,0.));
#4506=DIRECTION('',(1.,0.,0.));
#4507=DIRECTION('',(-1.,0.,-3.00284313863066E-17));
#4508=DIRECTION('',(0.,-1.,0.));
#4509=DIRECTION('',(1.,0.,0.));
#4510=DIRECTION('',(0.707106781186546,0.,0.707106781186549));
#4511=DIRECTION('',(0.707106781186549,0.,-0.707106781186546));
#4512=DIRECTION('',(0.707106781186549,0.,-0.707106781186546));
#4513=DIRECTION('',(0.,-1.,0.));
#4514=DIRECTION('',(0.,0.,-1.));
#4515=DIRECTION('',(0.,0.,1.));
#4516=DIRECTION('',(-1.,0.,0.));
#4517=DIRECTION('',(0.,1.,0.));
#4518=DIRECTION('',(0.,0.,1.));
#4519=DIRECTION('',(-1.,0.,0.));
#4520=DIRECTION('',(0.,0.,1.));
#4521=DIRECTION('',(0.,0.707106781186547,-0.707106781186547));
#4522=DIRECTION('',(0.,0.707106781186548,0.707106781186548));
#4523=DIRECTION('',(-1.,0.,0.));
#4524=DIRECTION('',(0.,0.,-1.));
#4525=DIRECTION('',(-1.,0.,0.));
#4526=DIRECTION('',(-1.,0.,0.));
#4527=DIRECTION('',(0.,-0.707106781186548,-0.707106781186547));
#4528=DIRECTION('',(0.,0.707106781186547,-0.707106781186548));
#4529=DIRECTION('',(0.,-0.707106781186548,-0.707106781186547));
#4530=DIRECTION('',(0.,0.707106781186547,-0.707106781186548));
#4531=DIRECTION('',(-1.,0.,0.));
#4532=DIRECTION('',(-1.,0.,0.));
#4533=DIRECTION('',(0.,0.,-1.));
#4534=DIRECTION('',(-1.,0.,0.));
#4535=DIRECTION('',(-1.,0.,0.));
#4536=DIRECTION('',(0.,0.707106781186547,-0.707106781186547));
#4537=DIRECTION('',(0.,0.707106781186548,0.707106781186548));
#4538=DIRECTION('',(-1.,0.,0.));
#4539=DIRECTION('',(0.,1.,0.));
#4540=DIRECTION('',(0.,0.,1.));
#4541=DIRECTION('',(0.,0.,1.));
#4542=DIRECTION('',(0.,-1.,0.));
#4543=DIRECTION('',(0.,0.,-1.));
#4544=DIRECTION('',(0.,0.,1.));
#4545=DIRECTION('',(0.,0.,1.));
#4546=DIRECTION('',(1.,0.,0.));
#4547=DIRECTION('',(0.,0.,1.));
#4548=DIRECTION('',(1.,0.,0.));
#4549=DIRECTION('',(0.,0.,1.));
#4550=DIRECTION('',(1.,0.,0.));
#4551=DIRECTION('',(-1.,0.,0.));
#4552=DIRECTION('',(-1.,0.,0.));
#4553=DIRECTION('',(0.,1.,0.));
#4554=DIRECTION('',(0.,0.,1.));
#4555=DIRECTION('',(-1.,0.,0.));
#4556=DIRECTION('',(0.,0.,-1.));
#4557=DIRECTION('',(-1.,0.,0.));
#4558=DIRECTION('',(-1.,0.,0.));
#4559=DIRECTION('',(0.,-1.,0.));
#4560=DIRECTION('',(0.,0.,-1.));
#4561=DIRECTION('',(0.,-1.,0.));
#4562=DIRECTION('',(0.,0.,-1.));
#4563=DIRECTION('',(-1.,0.,0.));
#4564=DIRECTION('',(-1.,0.,0.));
#4565=DIRECTION('',(0.,0.,-1.));
#4566=DIRECTION('',(-1.,0.,0.));
#4567=DIRECTION('',(-1.,0.,0.));
#4568=DIRECTION('',(0.,1.,0.));
#4569=DIRECTION('',(0.,0.,1.));
#4570=DIRECTION('',(-1.,0.,0.));
#4571=DIRECTION('',(0.,0.,1.));
#4572=DIRECTION('',(1.,0.,0.));
#4573=DIRECTION('',(0.,1.,0.));
#4574=DIRECTION('',(0.,0.,1.));
#4575=DIRECTION('',(0.,0.,1.));
#4576=DIRECTION('',(1.,0.,0.));
#4577=DIRECTION('',(0.,0.,1.));
#4578=DIRECTION('',(1.,0.,0.));
#4579=DIRECTION('',(0.,0.,-1.));
#4580=DIRECTION('',(1.,0.,0.));
#4581=DIRECTION('',(0.,0.,-1.));
#4582=DIRECTION('',(1.,0.,0.));
#4583=DIRECTION('',(0.,0.,-1.));
#4584=DIRECTION('',(1.,0.,0.));
#4585=DIRECTION('',(0.,-1.,0.));
#4586=DIRECTION('',(0.,0.,-1.));
#4587=DIRECTION('',(0.,0.,-1.));
#4588=DIRECTION('',(0.,0.,-1.));
#4589=DIRECTION('',(1.,0.,0.));
#4590=DIRECTION('',(0.,0.,-1.));
#4591=DIRECTION('',(-1.,0.,0.));
#4592=DIRECTION('',(0.,1.,0.));
#4593=DIRECTION('',(0.,1.,0.));
#4594=DIRECTION('',(1.,0.,0.));
#4595=DIRECTION('',(0.,0.,-1.));
#4596=DIRECTION('',(1.,0.,0.));
#4597=DIRECTION('',(0.,0.,-1.));
#4598=DIRECTION('',(0.,1.,0.));
#4599=DIRECTION('',(0.,0.,1.));
#4600=DIRECTION('',(0.,0.,-1.));
#4601=DIRECTION('',(-1.,0.,0.));
#4602=DIRECTION('',(0.,0.,-1.));
#4603=DIRECTION('',(-1.,0.,0.));
#4604=DIRECTION('',(0.,0.,1.));
#4605=DIRECTION('',(-1.,0.,0.));
#4606=DIRECTION('',(1.,0.,0.));
#4607=DIRECTION('',(0.,0.,-1.));
#4608=DIRECTION('',(1.,0.,0.));
#4609=DIRECTION('',(0.,0.,-1.));
#4610=DIRECTION('',(0.,0.,1.));
#4611=DIRECTION('',(1.,0.,0.));
#4612=DIRECTION('',(0.,1.,0.));
#4613=DIRECTION('',(-1.,0.,0.));
#4614=DIRECTION('',(0.,1.,0.));
#4615=DIRECTION('',(0.,-1.,0.));
#4616=DIRECTION('',(0.,0.,-1.));
#4617=DIRECTION('',(0.,0.,1.));
#4618=DIRECTION('',(0.,0.,1.));
#4619=DIRECTION('',(1.,0.,0.));
#4620=DIRECTION('',(0.,0.,-1.));
#4621=DIRECTION('',(1.,0.,0.));
#4622=DIRECTION('',(0.,0.,-1.));
#4623=DIRECTION('',(0.,1.,0.));
#4624=DIRECTION('',(0.,0.,1.));
#4625=DIRECTION('',(0.,0.,-1.));
#4626=DIRECTION('',(0.,0.,-1.));
#4627=DIRECTION('',(1.,0.,0.));
#4628=DIRECTION('',(0.,0.,-1.));
#4629=DIRECTION('',(1.,0.,0.));
#4630=DIRECTION('',(0.,0.,-1.));
#4631=DIRECTION('',(-1.,0.,0.));
#4632=DIRECTION('',(0.,0.,1.));
#4633=DIRECTION('',(-1.,0.,0.));
#4634=DIRECTION('',(-1.,0.,0.));
#4635=DIRECTION('',(0.,0.,1.));
#4636=DIRECTION('',(-1.,0.,0.));
#4637=DIRECTION('',(0.,0.,1.));
#4638=DIRECTION('',(1.,0.,0.));
#4639=DIRECTION('',(0.,0.,1.));
#4640=DIRECTION('',(1.,0.,0.));
#4641=DIRECTION('',(-1.,0.,0.));
#4642=DIRECTION('',(-1.,0.,0.));
#4643=DIRECTION('',(-1.,0.,0.));
#4644=DIRECTION('',(0.,0.,1.));
#4645=DIRECTION('',(-1.,0.,0.));
#4646=DIRECTION('',(0.,0.,1.));
#4647=DIRECTION('',(0.,-1.,0.));
#4648=DIRECTION('',(0.,0.,-1.));
#4649=DIRECTION('',(0.,1.,0.));
#4650=DIRECTION('',(1.,0.,0.));
#4651=DIRECTION('',(0.,-1.,0.));
#4652=DIRECTION('',(0.,1.,0.));
#4653=DIRECTION('',(1.,0.,0.));
#4654=DIRECTION('',(0.,-1.,0.));
#4655=DIRECTION('',(0.,-1.,0.));
#4656=DIRECTION('',(0.,0.,-1.));
#4657=DIRECTION('',(0.,1.,0.));
#4658=DIRECTION('',(1.,0.,0.));
#4659=DIRECTION('',(0.,-1.,0.));
#4660=DIRECTION('',(0.,1.,0.));
#4661=DIRECTION('',(1.,0.,0.));
#4662=DIRECTION('',(0.,-1.,0.));
#4663=DIRECTION('',(0.,0.,-1.));
#4664=DIRECTION('',(0.,1.,0.));
#4665=DIRECTION('',(1.,0.,0.));
#4666=DIRECTION('',(0.,-1.,0.));
#4667=DIRECTION('',(0.,1.,0.));
#4668=DIRECTION('',(1.,0.,0.));
#4669=DIRECTION('',(-1.,0.,0.));
#4670=DIRECTION('',(0.,0.,1.));
#4671=DIRECTION('',(0.,0.,-1.));
#4672=DIRECTION('',(-1.,0.,0.));
#4673=DIRECTION('',(0.,0.,1.));
#4674=DIRECTION('',(0.,0.,-1.));
#4675=DIRECTION('',(1.,0.,0.));
#4676=DIRECTION('',(0.,0.,-1.));
#4677=DIRECTION('',(0.,0.,1.));
#4678=DIRECTION('',(1.,0.,0.));
#4679=DIRECTION('',(0.,0.,-1.));
#4680=DIRECTION('',(0.,0.,1.));
#4681=DIRECTION('',(0.,-1.,0.));
#4682=DIRECTION('',(0.,-1.,0.));
#4683=DIRECTION('',(0.,0.,-1.));
#4684=DIRECTION('',(0.,1.,0.));
#4685=DIRECTION('',(1.,0.,0.));
#4686=DIRECTION('',(0.,-1.,0.));
#4687=DIRECTION('',(0.,1.,0.));
#4688=DIRECTION('',(1.,0.,0.));
#4689=DIRECTION('',(0.,-1.,0.));
#4690=DIRECTION('',(0.,0.,-1.));
#4691=DIRECTION('',(0.,1.,0.));
#4692=DIRECTION('',(1.,0.,0.));
#4693=DIRECTION('',(0.,-1.,0.));
#4694=DIRECTION('',(0.,1.,0.));
#4695=DIRECTION('',(1.,0.,0.));
#4696=DIRECTION('',(0.,-1.,0.));
#4697=DIRECTION('',(0.,0.,-1.));
#4698=DIRECTION('',(0.,1.,0.));
#4699=DIRECTION('',(1.,0.,0.));
#4700=DIRECTION('',(0.,-1.,0.));
#4701=DIRECTION('',(0.,1.,0.));
#4702=DIRECTION('',(1.,0.,0.));
#4703=DIRECTION('',(0.,1.,0.));
#4704=DIRECTION('',(0.,0.,1.));
#4705=DIRECTION('',(-1.,0.,0.));
#4706=DIRECTION('',(0.,0.,1.));
#4707=DIRECTION('',(4.33889327155843E-16,0.,-1.));
#4708=DIRECTION('',(0.,1.,0.));
#4709=DIRECTION('',(0.,0.,1.));
#4710=DIRECTION('',(-1.,0.,0.));
#4711=DIRECTION('',(4.33889327155843E-16,0.,-1.));
#4712=DIRECTION('',(0.,0.,1.));
#4713=DIRECTION('',(1.,0.,0.));
#4714=DIRECTION('',(0.,0.,-1.));
#4715=DIRECTION('',(-1.,0.,-4.33889327155843E-16));
#4716=DIRECTION('',(-4.33889327155843E-16,0.,1.));
#4717=DIRECTION('',(-1.,0.,0.));
#4718=DIRECTION('',(0.,0.,1.));
#4719=DIRECTION('',(0.,0.,-1.));
#4720=DIRECTION('',(0.,0.,-1.));
#4721=DIRECTION('',(0.,-1.,0.));
#4722=DIRECTION('',(0.,1.,0.));
#4723=DIRECTION('',(0.,0.,1.));
#4724=DIRECTION('',(-1.,0.,0.));
#4725=DIRECTION('',(0.,0.,1.));
#4726=DIRECTION('',(0.,1.,0.));
#4727=DIRECTION('',(1.,0.,0.));
#4728=DIRECTION('',(0.,1.,0.));
#4729=DIRECTION('',(1.,0.,0.));
#4730=DIRECTION('',(0.,1.,0.));
#4731=DIRECTION('',(1.,0.,0.));
#4732=DIRECTION('',(-2.60333596293506E-15,0.,1.));
#4733=DIRECTION('',(0.,1.,0.));
#4734=DIRECTION('',(1.,0.,0.));
#4735=DIRECTION('',(0.,1.,0.));
#4736=DIRECTION('',(1.,0.,0.));
#4737=DIRECTION('',(0.,1.,0.));
#4738=DIRECTION('',(1.,0.,0.));
#4739=DIRECTION('',(0.,0.,-1.));
#4740=DIRECTION('',(0.,1.,0.));
#4741=DIRECTION('',(0.,0.,1.));
#4742=DIRECTION('',(0.,0.,1.));
#4743=DIRECTION('',(-1.,0.,0.));
#4744=DIRECTION('',(0.,0.,-1.));
#4745=DIRECTION('',(0.,1.,0.));
#4746=DIRECTION('',(1.,0.,0.));
#4747=DIRECTION('',(0.,1.,0.));
#4748=DIRECTION('',(1.,0.,0.));
#4749=DIRECTION('',(0.,1.,0.));
#4750=DIRECTION('',(1.,0.,0.));
#4751=DIRECTION('',(-2.60333596293506E-15,0.,1.));
#4752=DIRECTION('',(0.,1.,0.));
#4753=DIRECTION('',(1.,0.,0.));
#4754=DIRECTION('',(0.,1.,0.));
#4755=DIRECTION('',(1.,0.,0.));
#4756=DIRECTION('',(0.,1.,0.));
#4757=DIRECTION('',(1.,0.,0.));
#4758=DIRECTION('',(1.,0.,2.60333596293506E-15));
#4759=DIRECTION('',(2.60333596293506E-15,0.,-1.));
#4760=DIRECTION('',(0.,-1.,0.));
#4761=DIRECTION('',(0.,-1.,0.));
#4762=DIRECTION('',(0.,0.,-1.));
#4763=DIRECTION('',(0.,-1.,0.));
#4764=DIRECTION('',(0.,-1.,0.));
#4765=DIRECTION('',(0.,0.,-1.));
#4766=DIRECTION('',(0.,-1.,0.));
#4767=DIRECTION('',(0.,-1.,0.));
#4768=DIRECTION('',(0.,0.,-1.));
#4769=DIRECTION('',(0.,-1.,0.));
#4770=DIRECTION('',(1.,0.,0.));
#4771=DIRECTION('',(0.,0.,-1.));
#4772=DIRECTION('',(1.,0.,0.));
#4773=DIRECTION('',(0.,0.,-1.));
#4774=DIRECTION('',(-1.,0.,0.));
#4775=DIRECTION('',(0.,0.,1.));
#4776=DIRECTION('',(-1.,0.,0.));
#4777=DIRECTION('',(0.,0.,1.));
#4778=DIRECTION('',(0.,-1.,0.));
#4779=DIRECTION('',(0.,-1.,0.));
#4780=DIRECTION('',(0.,0.,-1.));
#4781=DIRECTION('',(0.,-1.,0.));
#4782=DIRECTION('',(0.,-1.,0.));
#4783=DIRECTION('',(0.,0.,-1.));
#4784=DIRECTION('',(0.,-1.,0.));
#4785=DIRECTION('',(0.,-1.,0.));
#4786=DIRECTION('',(0.,0.,-1.));
#4787=DIRECTION('',(-1.,0.,0.));
#4788=DIRECTION('',(0.,0.,1.));
#4789=DIRECTION('',(-1.,0.,0.));
#4790=DIRECTION('',(0.,0.,1.));
#4791=DIRECTION('',(0.,1.,0.));
#4792=DIRECTION('',(-1.,0.,0.));
#4793=DIRECTION('',(0.,1.,-1.59882348016296E-17));
#4794=DIRECTION('',(0.,1.59882348016296E-17,1.));
#4795=DIRECTION('',(0.,1.,-1.59882348016296E-17));
#4796=DIRECTION('',(0.,1.59882348016296E-17,1.));
#4797=DIRECTION('',(0.,1.,-1.59882348016296E-17));
#4798=DIRECTION('',(0.,1.59882348016296E-17,1.));
#4799=DIRECTION('',(0.,1.,-1.59882348016296E-17));
#4800=DIRECTION('',(0.,1.59882348016296E-17,1.));
#4801=DIRECTION('',(0.,1.,-1.59882348016296E-17));
#4802=DIRECTION('',(0.,1.59882348016296E-17,1.));
#4803=DIRECTION('',(0.974370064785235,0.,0.224951054343865));
#4804=DIRECTION('',(0.,1.,0.));
#4805=CARTESIAN_POINT('',(0.,0.,0.));
#4806=CARTESIAN_POINT('',(0.0985,0.167,0.118));
#4807=CARTESIAN_POINT('',(-0.01,0.167,0.118));
#4808=CARTESIAN_POINT('',(-0.01,0.177,0.108));
#4809=CARTESIAN_POINT('',(-0.01,0.167,0.118));
#4810=CARTESIAN_POINT('',(0.0985,0.177,0.108));
#4811=CARTESIAN_POINT('',(-0.0885,0.177,0.108));
#4812=CARTESIAN_POINT('',(-0.0328333333333333,0.232666666666667,0.0523333333333333));
#4813=CARTESIAN_POINT('',(-0.0935,0.172,0.113));
#4814=CARTESIAN_POINT('',(-0.0985,0.177,0.108));
#4815=CARTESIAN_POINT('',(-0.0885,0.167,0.118));
#4816=CARTESIAN_POINT('',(0.0985,0.167,0.118));
#4817=CARTESIAN_POINT('',(0.,-0.308,0.));
#4818=CARTESIAN_POINT('',(0.,-0.308,-0.162));
#4819=CARTESIAN_POINT('',(-0.143,-0.308,-0.162));
#4820=CARTESIAN_POINT('',(0.143,-0.308,-0.162));
#4821=CARTESIAN_POINT('',(-0.143,-0.308,-0.177));
#4822=CARTESIAN_POINT('',(-0.143,-0.308,-0.177));
#4823=CARTESIAN_POINT('',(0.143,-0.308,-0.177));
#4824=CARTESIAN_POINT('',(0.143,-0.308,-0.177));
#4825=CARTESIAN_POINT('',(0.143,-0.308,-0.162));
#4826=CARTESIAN_POINT('',(0.,-0.308,0.));
#4827=CARTESIAN_POINT('',(-0.158,-0.308,0.));
#4828=CARTESIAN_POINT('',(-0.158,-0.308,0.147));
#4829=CARTESIAN_POINT('',(-0.158,-0.308,-0.147));
#4830=CARTESIAN_POINT('',(-0.173,-0.308,0.147));
#4831=CARTESIAN_POINT('',(-0.173,-0.308,0.147));
#4832=CARTESIAN_POINT('',(-0.173,-0.308,-0.147));
#4833=CARTESIAN_POINT('',(-0.173,-0.308,-0.147));
#4834=CARTESIAN_POINT('',(-0.158,-0.308,-0.147));
#4835=CARTESIAN_POINT('',(0.,-0.308,0.));
#4836=CARTESIAN_POINT('',(0.,-0.308,0.162));
#4837=CARTESIAN_POINT('',(0.143,-0.308,0.162));
#4838=CARTESIAN_POINT('',(-0.143,-0.308,0.162));
#4839=CARTESIAN_POINT('',(0.143,-0.308,0.177));
#4840=CARTESIAN_POINT('',(0.143,-0.308,0.177));
#4841=CARTESIAN_POINT('',(-0.143,-0.308,0.177));
#4842=CARTESIAN_POINT('',(-0.143,-0.308,0.177));
#4843=CARTESIAN_POINT('',(-0.143,-0.308,0.162));
#4844=CARTESIAN_POINT('',(0.,-0.308,0.));
#4845=CARTESIAN_POINT('',(0.158,-0.308,0.));
#4846=CARTESIAN_POINT('',(0.158,-0.308,-0.147));
#4847=CARTESIAN_POINT('',(0.158,-0.308,0.147));
#4848=CARTESIAN_POINT('',(0.173,-0.308,-0.147));
#4849=CARTESIAN_POINT('',(0.173,-0.308,-0.147));
#4850=CARTESIAN_POINT('',(0.173,-0.308,0.147));
#4851=CARTESIAN_POINT('',(0.173,-0.308,0.147));
#4852=CARTESIAN_POINT('',(0.158,-0.308,0.147));
#4853=CARTESIAN_POINT('',(0.158,-0.339,-0.177));
#4854=CARTESIAN_POINT('',(0.158,-0.339,-0.177));
#4855=CARTESIAN_POINT('',(0.158,-0.339,-0.177));
#4856=CARTESIAN_POINT('',(0.143,-0.339,-0.177));
#4857=CARTESIAN_POINT('',(0.143,-0.308,-0.177));
#4858=CARTESIAN_POINT('',(-0.143,-0.308,-0.177));
#4859=CARTESIAN_POINT('',(-0.143,-0.339,-0.177));
#4860=CARTESIAN_POINT('',(0.158,-0.339,-0.177));
#4861=CARTESIAN_POINT('',(-0.158,-0.339,-0.177));
#4862=CARTESIAN_POINT('',(-0.158,-0.339,-0.177));
#4863=CARTESIAN_POINT('',(-0.158,0.,-0.177));
#4864=CARTESIAN_POINT('',(0.158,0.,-0.177));
#4865=CARTESIAN_POINT('',(0.158,0.,-0.177));
#4866=CARTESIAN_POINT('',(0.158,-0.339,-0.177));
#4867=CARTESIAN_POINT('',(-0.0488571428571323,-0.2076,-0.177));
#4868=CARTESIAN_POINT('',(-0.0488571428571323,-0.2076,-0.177));
#4869=CARTESIAN_POINT('',(-0.0488571428571324,-0.1276,-0.177));
#4870=CARTESIAN_POINT('',(-0.0488571428571323,-0.2076,-0.177));
#4871=CARTESIAN_POINT('',(0.,-0.2076,-0.177));
#4872=CARTESIAN_POINT('',(0.,-0.2076,-0.177));
#4873=CARTESIAN_POINT('',(0.,-0.1276,-0.177));
#4874=CARTESIAN_POINT('',(-0.0488571428571323,-0.1276,-0.177));
#4875=CARTESIAN_POINT('',(-0.173,-0.339,-0.162));
#4876=CARTESIAN_POINT('',(-0.173,-0.308,0.147));
#4877=CARTESIAN_POINT('',(-0.173,-0.339,0.147));
#4878=CARTESIAN_POINT('',(-0.173,-0.339,-0.162));
#4879=CARTESIAN_POINT('',(-0.173,-0.339,0.162));
#4880=CARTESIAN_POINT('',(-0.173,-0.339,0.162));
#4881=CARTESIAN_POINT('',(-0.173,0.,0.162));
#4882=CARTESIAN_POINT('',(-0.173,0.,-0.162));
#4883=CARTESIAN_POINT('',(-0.173,0.,0.118));
#4884=CARTESIAN_POINT('',(-0.173,0.039,0.118));
#4885=CARTESIAN_POINT('',(-0.173,0.039,0.118));
#4886=CARTESIAN_POINT('',(-0.173,0.039,-0.118));
#4887=CARTESIAN_POINT('',(-0.173,0.039,-0.118));
#4888=CARTESIAN_POINT('',(-0.173,0.039,-0.118));
#4889=CARTESIAN_POINT('',(-0.173,0.,-0.118));
#4890=CARTESIAN_POINT('',(-0.173,0.,-0.162));
#4891=CARTESIAN_POINT('',(-0.173,0.,-0.162));
#4892=CARTESIAN_POINT('',(-0.173,-0.339,-0.162));
#4893=CARTESIAN_POINT('',(-0.173,-0.339,-0.162));
#4894=CARTESIAN_POINT('',(-0.173,-0.339,-0.162));
#4895=CARTESIAN_POINT('',(-0.173,-0.339,-0.147));
#4896=CARTESIAN_POINT('',(-0.173,-0.308,-0.147));
#4897=CARTESIAN_POINT('',(-0.158,-0.339,0.177));
#4898=CARTESIAN_POINT('',(1.73472347597681E-18,-0.2076,0.177));
#4899=CARTESIAN_POINT('',(1.73472347597681E-18,-0.2076,0.177));
#4900=CARTESIAN_POINT('',(-0.0488571428571429,-0.2076,0.177));
#4901=CARTESIAN_POINT('',(-0.0488571428571429,-0.2076,0.177));
#4902=CARTESIAN_POINT('',(-0.0488571428571429,-0.1276,0.177));
#4903=CARTESIAN_POINT('',(1.73472347597681E-18,-0.1276,0.177));
#4904=CARTESIAN_POINT('',(0.,-0.1276,0.177));
#4905=CARTESIAN_POINT('',(1.73472347597681E-18,-0.2076,0.177));
#4906=CARTESIAN_POINT('',(-0.158,-0.339,0.177));
#4907=CARTESIAN_POINT('',(-0.158,-0.339,0.177));
#4908=CARTESIAN_POINT('',(-0.143,-0.339,0.177));
#4909=CARTESIAN_POINT('',(-0.143,-0.308,0.177));
#4910=CARTESIAN_POINT('',(0.143,-0.308,0.177));
#4911=CARTESIAN_POINT('',(0.143,-0.339,0.177));
#4912=CARTESIAN_POINT('',(-0.158,-0.339,0.177));
#4913=CARTESIAN_POINT('',(0.158,-0.339,0.177));
#4914=CARTESIAN_POINT('',(0.158,-0.339,0.177));
#4915=CARTESIAN_POINT('',(0.158,0.,0.177));
#4916=CARTESIAN_POINT('',(-0.158,0.,0.177));
#4917=CARTESIAN_POINT('',(-0.158,0.,0.177));
#4918=CARTESIAN_POINT('',(-0.158,-0.339,0.177));
#4919=CARTESIAN_POINT('',(0.173,-0.339,0.162));
#4920=CARTESIAN_POINT('',(0.173,-0.2076,0.));
#4921=CARTESIAN_POINT('',(0.173,-0.2076,0.));
#4922=CARTESIAN_POINT('',(0.173,-0.2076,0.0488571428571429));
#4923=CARTESIAN_POINT('',(0.173,-0.2076,0.0488571428571429));
#4924=CARTESIAN_POINT('',(0.173,-0.1276,0.0488571428571429));
#4925=CARTESIAN_POINT('',(0.173,-0.1276,0.));
#4926=CARTESIAN_POINT('',(0.173,-0.1276,0.));
#4927=CARTESIAN_POINT('',(0.173,-0.2076,0.));
#4928=CARTESIAN_POINT('',(0.173,-0.339,0.162));
#4929=CARTESIAN_POINT('',(0.173,-0.339,0.162));
#4930=CARTESIAN_POINT('',(0.173,-0.339,0.147));
#4931=CARTESIAN_POINT('',(0.173,-0.308,0.147));
#4932=CARTESIAN_POINT('',(0.173,-0.308,-0.147));
#4933=CARTESIAN_POINT('',(0.173,-0.339,-0.147));
#4934=CARTESIAN_POINT('',(0.173,-0.339,0.162));
#4935=CARTESIAN_POINT('',(0.173,-0.339,-0.162));
#4936=CARTESIAN_POINT('',(0.173,-0.339,-0.162));
#4937=CARTESIAN_POINT('',(0.173,0.,-0.162));
#4938=CARTESIAN_POINT('',(0.173,0.,0.162));
#4939=CARTESIAN_POINT('',(0.173,0.,-0.118));
#4940=CARTESIAN_POINT('',(0.173,0.039,-0.118));
#4941=CARTESIAN_POINT('',(0.173,0.039,-0.118));
#4942=CARTESIAN_POINT('',(0.173,0.039,0.118));
#4943=CARTESIAN_POINT('',(0.173,0.039,0.118));
#4944=CARTESIAN_POINT('',(0.173,0.039,0.118));
#4945=CARTESIAN_POINT('',(0.173,0.,0.118));
#4946=CARTESIAN_POINT('',(0.173,0.,0.162));
#4947=CARTESIAN_POINT('',(0.173,0.,0.162));
#4948=CARTESIAN_POINT('',(0.173,-0.339,0.162));
#4949=CARTESIAN_POINT('',(0.,-0.339,0.));
#4950=CARTESIAN_POINT('',(-0.173,-0.339,0.147));
#4951=CARTESIAN_POINT('',(-0.158,-0.339,0.147));
#4952=CARTESIAN_POINT('',(-0.158,-0.339,0.147));
#4953=CARTESIAN_POINT('',(-0.158,-0.339,0.162));
#4954=CARTESIAN_POINT('',(-0.158,-0.339,0.162));
#4955=CARTESIAN_POINT('',(-0.143,-0.339,0.162));
#4956=CARTESIAN_POINT('',(-0.143,-0.339,0.162));
#4957=CARTESIAN_POINT('',(-0.173,-0.339,0.162));
#4958=CARTESIAN_POINT('',(0.,-0.339,0.));
#4959=CARTESIAN_POINT('',(0.143,-0.339,0.177));
#4960=CARTESIAN_POINT('',(0.143,-0.339,0.162));
#4961=CARTESIAN_POINT('',(0.143,-0.339,0.162));
#4962=CARTESIAN_POINT('',(0.158,-0.339,0.162));
#4963=CARTESIAN_POINT('',(0.158,-0.339,0.162));
#4964=CARTESIAN_POINT('',(0.158,-0.339,0.147));
#4965=CARTESIAN_POINT('',(0.158,-0.339,0.147));
#4966=CARTESIAN_POINT('',(0.158,-0.339,0.177));
#4967=CARTESIAN_POINT('',(0.,-0.339,0.));
#4968=CARTESIAN_POINT('',(0.173,-0.339,-0.147));
#4969=CARTESIAN_POINT('',(0.158,-0.339,-0.147));
#4970=CARTESIAN_POINT('',(0.158,-0.339,-0.147));
#4971=CARTESIAN_POINT('',(0.158,-0.339,-0.162));
#4972=CARTESIAN_POINT('',(0.158,-0.339,-0.162));
#4973=CARTESIAN_POINT('',(0.143,-0.339,-0.162));
#4974=CARTESIAN_POINT('',(0.143,-0.339,-0.162));
#4975=CARTESIAN_POINT('',(0.173,-0.339,-0.162));
#4976=CARTESIAN_POINT('',(0.,-0.339,0.));
#4977=CARTESIAN_POINT('',(-0.143,-0.339,-0.177));
#4978=CARTESIAN_POINT('',(-0.143,-0.339,-0.162));
#4979=CARTESIAN_POINT('',(-0.143,-0.339,-0.162));
#4980=CARTESIAN_POINT('',(-0.158,-0.339,-0.162));
#4981=CARTESIAN_POINT('',(-0.158,-0.339,-0.162));
#4982=CARTESIAN_POINT('',(-0.158,-0.339,-0.147));
#4983=CARTESIAN_POINT('',(-0.158,-0.339,-0.147));
#4984=CARTESIAN_POINT('',(-0.158,-0.339,-0.177));
#4985=CARTESIAN_POINT('',(0.,0.,0.));
#4986=CARTESIAN_POINT('',(0.0885,0.,-0.118));
#4987=CARTESIAN_POINT('',(0.173,0.,-0.162));
#4988=CARTESIAN_POINT('',(-0.158,0.,-0.177));
#4989=CARTESIAN_POINT('',(0.,0.,0.));
#4990=CARTESIAN_POINT('',(-0.0885,0.,0.118));
#4991=CARTESIAN_POINT('',(-0.173,0.,0.162));
#4992=CARTESIAN_POINT('',(0.158,0.,0.177));
#4993=CARTESIAN_POINT('',(-0.0985,0.177,0.108));
#4994=CARTESIAN_POINT('',(-0.0985,0.177,0.108));
#4995=CARTESIAN_POINT('',(-0.0985,0.167,0.108));
#4996=CARTESIAN_POINT('',(-0.0985,0.039,0.108));
#4997=CARTESIAN_POINT('',(-0.0985,0.039,0.108));
#4998=CARTESIAN_POINT('',(-0.0885,0.039,0.118));
#4999=CARTESIAN_POINT('',(-0.0885,0.177,0.118));
#5000=CARTESIAN_POINT('',(-0.0951666666666667,0.170333333333333,0.111333333333333));
#5001=CARTESIAN_POINT('',(0.0885,0.177,0.118));
#5002=CARTESIAN_POINT('',(0.0885,0.177,0.118));
#5003=CARTESIAN_POINT('',(0.0885,0.167,0.118));
#5004=CARTESIAN_POINT('',(0.0885,0.039,0.118));
#5005=CARTESIAN_POINT('',(0.0885,0.039,0.118));
#5006=CARTESIAN_POINT('',(0.0985,0.039,0.108));
#5007=CARTESIAN_POINT('',(0.0985,0.177,0.108));
#5008=CARTESIAN_POINT('',(0.0985,0.167,0.108));
#5009=CARTESIAN_POINT('',(0.0885,0.177,0.118));
#5010=CARTESIAN_POINT('',(0.0935,0.172,0.113));
#5011=CARTESIAN_POINT('',(0.0918333333333333,0.170333333333333,0.114666666666667));
#5012=CARTESIAN_POINT('',(0.0985,0.177,-0.108));
#5013=CARTESIAN_POINT('',(0.0985,0.177,-0.108));
#5014=CARTESIAN_POINT('',(0.0985,0.167,-0.108));
#5015=CARTESIAN_POINT('',(0.0985,0.039,-0.108));
#5016=CARTESIAN_POINT('',(0.0985,0.039,-0.108));
#5017=CARTESIAN_POINT('',(0.0885,0.039,-0.118));
#5018=CARTESIAN_POINT('',(0.0885,0.177,-0.118));
#5019=CARTESIAN_POINT('',(0.0885,0.167,-0.118));
#5020=CARTESIAN_POINT('',(0.0985,0.177,-0.108));
#5021=CARTESIAN_POINT('',(0.0935,0.172,-0.113));
#5022=CARTESIAN_POINT('',(0.0951666666666667,0.170333333333333,-0.111333333333333));
#5023=CARTESIAN_POINT('',(-0.0885,0.177,-0.118));
#5024=CARTESIAN_POINT('',(-0.0885,0.177,-0.118));
#5025=CARTESIAN_POINT('',(-0.0885,0.167,-0.118));
#5026=CARTESIAN_POINT('',(-0.0885,0.039,-0.118));
#5027=CARTESIAN_POINT('',(-0.0885,0.039,-0.118));
#5028=CARTESIAN_POINT('',(-0.0985,0.039,-0.108));
#5029=CARTESIAN_POINT('',(-0.0985,0.177,-0.108));
#5030=CARTESIAN_POINT('',(-0.0985,0.167,-0.108));
#5031=CARTESIAN_POINT('',(-0.0885,0.177,-0.118));
#5032=CARTESIAN_POINT('',(-0.0935,0.172,-0.113));
#5033=CARTESIAN_POINT('',(-0.0918333333333333,0.170333333333333,-0.114666666666667));
#5034=CARTESIAN_POINT('',(0.,0.177,0.));
#5035=CARTESIAN_POINT('',(-0.01,0.177,0.098));
#5036=CARTESIAN_POINT('',(-0.01,0.177,0.098));
#5037=CARTESIAN_POINT('',(0.01,0.177,0.098));
#5038=CARTESIAN_POINT('',(0.01,0.177,0.098));
#5039=CARTESIAN_POINT('',(0.00999999999999998,0.177,0.118));
#5040=CARTESIAN_POINT('',(0.00999999999999999,0.177,0.108));
#5041=CARTESIAN_POINT('',(0.0985,0.177,0.108));
#5042=CARTESIAN_POINT('',(0.0885,0.177,0.108));
#5043=CARTESIAN_POINT('',(0.0885,0.177,0.118));
#5044=CARTESIAN_POINT('',(0.0885,0.177,-0.108));
#5045=CARTESIAN_POINT('',(0.0985,0.177,-0.108));
#5046=CARTESIAN_POINT('',(-0.0885,0.177,-0.108));
#5047=CARTESIAN_POINT('',(-0.0885,0.177,0.118));
#5048=CARTESIAN_POINT('',(0.,0.177,0.));
#5049=CARTESIAN_POINT('',(0.07,0.177,0.));
#5050=CARTESIAN_POINT('',(-0.0985,0.177,-0.108));
#5051=CARTESIAN_POINT('',(-0.0985,0.039,-0.108));
#5052=CARTESIAN_POINT('',(-0.0985,0.167,0.118));
#5053=CARTESIAN_POINT('',(0.0985,0.177,0.108));
#5054=CARTESIAN_POINT('',(0.0985,0.039,0.108));
#5055=CARTESIAN_POINT('',(0.0985,0.167,0.118));
#5056=CARTESIAN_POINT('',(0.0985,0.177,-0.108));
#5057=CARTESIAN_POINT('',(-0.0261666666666666,0.239333333333333,-0.0456666666666667));
#5058=CARTESIAN_POINT('',(0.0918333333333333,0.173666666666667,-0.111333333333333));
#5059=CARTESIAN_POINT('',(0.0985,0.167,-0.118));
#5060=CARTESIAN_POINT('',(0.0985,0.167,0.118));
#5061=CARTESIAN_POINT('',(0.00999999999999998,0.167,0.118));
#5062=CARTESIAN_POINT('',(0.00999999999999998,0.167,0.118));
#5063=CARTESIAN_POINT('',(0.0985,0.167,0.118));
#5064=CARTESIAN_POINT('',(0.0985,0.167,0.118));
#5065=CARTESIAN_POINT('',(-0.0885,0.177,0.118));
#5066=CARTESIAN_POINT('',(-0.173,0.039,0.118));
#5067=CARTESIAN_POINT('',(-0.173,0.039,0.118));
#5068=CARTESIAN_POINT('',(-0.01,0.167,0.118));
#5069=CARTESIAN_POINT('',(0.0885,0.177,-0.118));
#5070=CARTESIAN_POINT('',(0.173,0.039,-0.118));
#5071=CARTESIAN_POINT('',(0.173,0.039,-0.118));
#5072=CARTESIAN_POINT('',(0.0885,0.177,0.118));
#5073=CARTESIAN_POINT('',(-0.0985,0.167,0.118));
#5074=CARTESIAN_POINT('',(-0.173,-0.339,0.162));
#5075=CARTESIAN_POINT('',(0.158,-0.339,0.177));
#5076=CARTESIAN_POINT('',(0.173,-0.339,-0.162));
#5077=CARTESIAN_POINT('',(-0.158,-0.339,-0.177));
#5078=CARTESIAN_POINT('',(0.,0.039,0.));
#5079=CARTESIAN_POINT('',(0.,0.039,0.));
#5080=CARTESIAN_POINT('',(-0.173,-0.308,0.147));
#5081=CARTESIAN_POINT('',(-0.158,-0.308,0.147));
#5082=CARTESIAN_POINT('',(-0.158,-0.308,0.147));
#5083=CARTESIAN_POINT('',(-0.158,-0.308,-0.147));
#5084=CARTESIAN_POINT('',(-0.158,-0.308,-0.162));
#5085=CARTESIAN_POINT('',(-0.158,-0.303,-0.162));
#5086=CARTESIAN_POINT('',(-0.158,-0.303,-0.162));
#5087=CARTESIAN_POINT('',(-0.158,-0.303,0.162));
#5088=CARTESIAN_POINT('',(-0.158,-0.308,0.162));
#5089=CARTESIAN_POINT('',(-0.158,-0.308,0.162));
#5090=CARTESIAN_POINT('',(-0.158,-0.303,0.162));
#5091=CARTESIAN_POINT('',(0.158,-0.303,0.162));
#5092=CARTESIAN_POINT('',(0.158,-0.308,0.162));
#5093=CARTESIAN_POINT('',(0.143,-0.308,0.162));
#5094=CARTESIAN_POINT('',(-0.143,-0.308,0.162));
#5095=CARTESIAN_POINT('',(-0.143,-0.308,0.162));
#5096=CARTESIAN_POINT('',(0.143,-0.308,0.177));
#5097=CARTESIAN_POINT('',(0.158,-0.308,0.162));
#5098=CARTESIAN_POINT('',(0.158,-0.303,0.162));
#5099=CARTESIAN_POINT('',(0.158,-0.303,-0.162));
#5100=CARTESIAN_POINT('',(0.158,-0.308,-0.162));
#5101=CARTESIAN_POINT('',(0.158,-0.308,-0.147));
#5102=CARTESIAN_POINT('',(0.158,-0.308,0.147));
#5103=CARTESIAN_POINT('',(0.158,-0.308,0.147));
#5104=CARTESIAN_POINT('',(0.173,-0.308,-0.147));
#5105=CARTESIAN_POINT('',(0.158,-0.308,-0.162));
#5106=CARTESIAN_POINT('',(0.158,-0.303,-0.162));
#5107=CARTESIAN_POINT('',(-0.143,-0.308,-0.162));
#5108=CARTESIAN_POINT('',(0.143,-0.308,-0.162));
#5109=CARTESIAN_POINT('',(0.143,-0.308,-0.162));
#5110=CARTESIAN_POINT('',(-0.143,-0.308,-0.177));
#5111=CARTESIAN_POINT('',(-0.158,-0.308,-0.147));
#5112=CARTESIAN_POINT('',(-0.0488571428571429,-0.2076,0.177));
#5113=CARTESIAN_POINT('',(-0.0488571428571429,-0.1276,0.177));
#5114=CARTESIAN_POINT('',(-0.0328571428571428,-0.1276,0.193));
#5115=CARTESIAN_POINT('',(-0.0488571428571429,-0.2076,0.177));
#5116=CARTESIAN_POINT('',(-0.0328571428571428,-0.2076,0.193));
#5117=CARTESIAN_POINT('',(-0.0328571428571428,-0.2076,0.193));
#5118=CARTESIAN_POINT('',(-0.0328571428571428,-0.2076,0.193));
#5119=CARTESIAN_POINT('',(-0.0328571428571428,-0.1276,0.193));
#5120=CARTESIAN_POINT('',(0.,-0.1276,0.193));
#5121=CARTESIAN_POINT('',(-0.0328571428571428,-0.2076,0.193));
#5122=CARTESIAN_POINT('',(0.,-0.2076,0.193));
#5123=CARTESIAN_POINT('',(0.,-0.2076,0.193));
#5124=CARTESIAN_POINT('',(0.,-0.2076,0.193));
#5125=CARTESIAN_POINT('',(0.,-0.1276,0.193));
#5126=CARTESIAN_POINT('',(0.,-0.2076,0.193));
#5127=CARTESIAN_POINT('',(0.,-0.2076,0.));
#5128=CARTESIAN_POINT('',(0.,-0.1276,0.));
#5129=CARTESIAN_POINT('',(-0.0328571428571217,-0.2076,-0.193));
#5130=CARTESIAN_POINT('',(-0.0328571428571217,-0.1276,-0.193));
#5131=CARTESIAN_POINT('',(-0.0328571428571217,-0.1276,-0.193));
#5132=CARTESIAN_POINT('',(-0.0328571428571217,-0.2076,-0.193));
#5133=CARTESIAN_POINT('',(-0.0328571428571217,-0.2076,-0.193));
#5134=CARTESIAN_POINT('',(-0.0328571428571217,-0.2076,-0.193));
#5135=CARTESIAN_POINT('',(0.,-0.2076,-0.177));
#5136=CARTESIAN_POINT('',(0.,-0.1276,-0.177));
#5137=CARTESIAN_POINT('',(0.,-0.1276,-0.193));
#5138=CARTESIAN_POINT('',(0.,-0.2076,-0.177));
#5139=CARTESIAN_POINT('',(0.,-0.2076,-0.193));
#5140=CARTESIAN_POINT('',(0.,-0.2076,-0.193));
#5141=CARTESIAN_POINT('',(0.,-0.2076,-0.193));
#5142=CARTESIAN_POINT('',(0.,-0.1276,-0.193));
#5143=CARTESIAN_POINT('',(0.,-0.2076,-0.193));
#5144=CARTESIAN_POINT('',(0.,-0.2076,0.));
#5145=CARTESIAN_POINT('',(0.,-0.1276,0.));
#5146=CARTESIAN_POINT('',(0.173,-0.2076,0.0488571428571429));
#5147=CARTESIAN_POINT('',(0.173,-0.1276,0.0488571428571429));
#5148=CARTESIAN_POINT('',(0.189,-0.1276,0.0328571428571429));
#5149=CARTESIAN_POINT('',(0.173,-0.2076,0.0488571428571429));
#5150=CARTESIAN_POINT('',(0.189,-0.2076,0.0328571428571429));
#5151=CARTESIAN_POINT('',(0.189,-0.2076,0.0328571428571429));
#5152=CARTESIAN_POINT('',(0.189,-0.2076,0.0328571428571429));
#5153=CARTESIAN_POINT('',(0.189,-0.1276,0.0328571428571429));
#5154=CARTESIAN_POINT('',(0.189,-0.1276,0.));
#5155=CARTESIAN_POINT('',(0.189,-0.2076,0.0328571428571429));
#5156=CARTESIAN_POINT('',(0.189,-0.2076,0.));
#5157=CARTESIAN_POINT('',(0.189,-0.2076,0.));
#5158=CARTESIAN_POINT('',(0.189,-0.2076,0.));
#5159=CARTESIAN_POINT('',(0.189,-0.1276,0.));
#5160=CARTESIAN_POINT('',(0.189,-0.2076,0.));
#5161=CARTESIAN_POINT('',(0.,-0.2076,0.));
#5162=CARTESIAN_POINT('',(0.,-0.1276,0.));
#5163=CARTESIAN_POINT('',(0.,-0.303,0.));
#5164=CARTESIAN_POINT('',(0.,0.147,0.));
#5165=CARTESIAN_POINT('',(0.,0.147,0.));
#5166=CARTESIAN_POINT('',(0.07,0.147,0.));
#5167=CARTESIAN_POINT('',(0.,0.147,0.));
#5168=CARTESIAN_POINT('',(0.01,0.167,0.098));
#5169=CARTESIAN_POINT('',(-0.01,0.167,0.098));
#5170=CARTESIAN_POINT('',(-0.01,0.167,0.098));
#5171=CARTESIAN_POINT('',(0.01,0.167,0.098));
#5172=CARTESIAN_POINT('',(0.01,0.167,0.098));
#5173=CARTESIAN_POINT('',(0.01,0.167,0.098));
#5174=CARTESIAN_POINT('',(-0.01,0.167,0.098));
#5175=CARTESIAN_POINT('',(-0.01,0.167,0.098));
#5176=CARTESIAN_POINT('',(0.00999999999999998,0.167,0.118));
#5177=CARTESIAN_POINT('',(0.00999999999999998,0.167,0.118));
#5178=CARTESIAN_POINT('',(0.,0.167,0.));
#5179=CARTESIAN_POINT('',(0.,0.,0.));
#5180=CARTESIAN_POINT('',(0.12,-0.001,-0.12));
#5181=CARTESIAN_POINT('',(0.12,0.,-0.12));
#5182=CARTESIAN_POINT('',(0.12,0.,-0.12));
#5183=CARTESIAN_POINT('',(-0.12,0.,-0.12));
#5184=CARTESIAN_POINT('',(0.12,-0.001,-0.12));
#5185=CARTESIAN_POINT('',(0.12,-0.001,-0.12));
#5186=CARTESIAN_POINT('',(0.12,-0.001,-0.12));
#5187=CARTESIAN_POINT('',(-0.12,-0.001,-0.12));
#5188=CARTESIAN_POINT('',(-0.12,-0.001,-0.12));
#5189=CARTESIAN_POINT('',(-0.12,-0.001,-0.12));
#5190=CARTESIAN_POINT('',(-0.12,0.,-0.12));
#5191=CARTESIAN_POINT('',(-0.12,0.,0.12));
#5192=CARTESIAN_POINT('',(-0.12,-0.001,-0.12));
#5193=CARTESIAN_POINT('',(-0.12,-0.001,0.12));
#5194=CARTESIAN_POINT('',(-0.12,-0.001,0.12));
#5195=CARTESIAN_POINT('',(-0.12,-0.001,0.12));
#5196=CARTESIAN_POINT('',(-0.12,0.,0.12));
#5197=CARTESIAN_POINT('',(0.12,0.,0.12));
#5198=CARTESIAN_POINT('',(-0.12,-0.001,0.12));
#5199=CARTESIAN_POINT('',(0.12,-0.001,0.12));
#5200=CARTESIAN_POINT('',(0.12,-0.001,0.12));
#5201=CARTESIAN_POINT('',(0.12,-0.001,0.12));
#5202=CARTESIAN_POINT('',(0.12,0.,0.12));
#5203=CARTESIAN_POINT('',(0.12,-0.001,0.12));
#5204=CARTESIAN_POINT('',(0.,-0.001,0.));
#5205=CARTESIAN_POINT('',(-0.1,-0.001,0.));
#5206=CARTESIAN_POINT('',(-0.1,-0.001,0.012));
#5207=CARTESIAN_POINT('',(-0.1,-0.001,0.1));
#5208=CARTESIAN_POINT('',(-0.1,-0.001,0.112));
#5209=CARTESIAN_POINT('',(-0.1,-0.001,-0.1));
#5210=CARTESIAN_POINT('',(-0.1,-0.001,-0.088));
#5211=CARTESIAN_POINT('',(0.1,-0.001,0.));
#5212=CARTESIAN_POINT('',(0.1,-0.001,0.012));
#5213=CARTESIAN_POINT('',(0.1,-0.001,0.1));
#5214=CARTESIAN_POINT('',(0.1,-0.001,0.112));
#5215=CARTESIAN_POINT('',(0.1,-0.001,-0.1));
#5216=CARTESIAN_POINT('',(0.1,-0.001,-0.088));
#5217=CARTESIAN_POINT('',(0.,0.,0.));
#5218=CARTESIAN_POINT('',(0.1,-0.071,-0.1));
#5219=CARTESIAN_POINT('',(0.1,-0.071,-0.1));
#5220=CARTESIAN_POINT('',(0.1,-0.071,-0.112));
#5221=CARTESIAN_POINT('',(0.1,-0.071,0.1));
#5222=CARTESIAN_POINT('',(0.1,-0.071,0.1));
#5223=CARTESIAN_POINT('',(0.1,-0.071,0.088));
#5224=CARTESIAN_POINT('',(0.1,-0.071,0.));
#5225=CARTESIAN_POINT('',(0.1,-0.071,0.));
#5226=CARTESIAN_POINT('',(0.1,-0.071,-0.012));
#5227=CARTESIAN_POINT('',(0.124,-0.071,0.1));
#5228=CARTESIAN_POINT('',(0.124,-0.095,0.1));
#5229=CARTESIAN_POINT('',(0.124,-0.095,0.088));
#5230=CARTESIAN_POINT('',(0.124,-0.071,0.));
#5231=CARTESIAN_POINT('',(0.124,-0.095,0.));
#5232=CARTESIAN_POINT('',(0.124,-0.095,-0.012));
#5233=CARTESIAN_POINT('',(0.124,-0.071,-0.1));
#5234=CARTESIAN_POINT('',(0.124,-0.095,-0.1));
#5235=CARTESIAN_POINT('',(0.124,-0.095,-0.112));
#5236=CARTESIAN_POINT('',(0.327,-0.095,0.1));
#5237=CARTESIAN_POINT('',(0.327,-0.095,0.1));
#5238=CARTESIAN_POINT('',(0.327,-0.095,0.088));
#5239=CARTESIAN_POINT('',(0.327,-0.095,0.1));
#5240=CARTESIAN_POINT('',(0.327,-0.095,0.));
#5241=CARTESIAN_POINT('',(0.327,-0.095,0.));
#5242=CARTESIAN_POINT('',(0.327,-0.095,-0.012));
#5243=CARTESIAN_POINT('',(0.327,-0.095,0.));
#5244=CARTESIAN_POINT('',(0.327,-0.095,-0.1));
#5245=CARTESIAN_POINT('',(0.327,-0.095,-0.1));
#5246=CARTESIAN_POINT('',(0.327,-0.095,-0.112));
#5247=CARTESIAN_POINT('',(0.327,-0.095,-0.1));
#5248=CARTESIAN_POINT('',(-0.1,-0.171,-0.1));
#5249=CARTESIAN_POINT('',(-0.1,-0.171,-0.1));
#5250=CARTESIAN_POINT('',(-0.1,-0.171,-0.112));
#5251=CARTESIAN_POINT('',(-0.1,-0.171,0.1));
#5252=CARTESIAN_POINT('',(-0.1,-0.171,0.1));
#5253=CARTESIAN_POINT('',(-0.1,-0.171,0.088));
#5254=CARTESIAN_POINT('',(-0.1,-0.171,0.));
#5255=CARTESIAN_POINT('',(-0.1,-0.171,0.));
#5256=CARTESIAN_POINT('',(-0.1,-0.171,-0.012));
#5257=CARTESIAN_POINT('',(-0.076,-0.171,0.1));
#5258=CARTESIAN_POINT('',(-0.076,-0.195,0.1));
#5259=CARTESIAN_POINT('',(-0.076,-0.195,0.088));
#5260=CARTESIAN_POINT('',(-0.076,-0.171,0.));
#5261=CARTESIAN_POINT('',(-0.076,-0.195,0.));
#5262=CARTESIAN_POINT('',(-0.076,-0.195,-0.012));
#5263=CARTESIAN_POINT('',(-0.076,-0.171,-0.1));
#5264=CARTESIAN_POINT('',(-0.076,-0.195,-0.1));
#5265=CARTESIAN_POINT('',(-0.076,-0.195,-0.112));
#5266=CARTESIAN_POINT('',(0.347,-0.195,0.1));
#5267=CARTESIAN_POINT('',(0.347,-0.195,0.1));
#5268=CARTESIAN_POINT('',(0.347,-0.195,0.088));
#5269=CARTESIAN_POINT('',(0.347,-0.195,0.1));
#5270=CARTESIAN_POINT('',(0.347,-0.195,0.));
#5271=CARTESIAN_POINT('',(0.347,-0.195,0.));
#5272=CARTESIAN_POINT('',(0.347,-0.195,-0.012));
#5273=CARTESIAN_POINT('',(0.347,-0.195,0.));
#5274=CARTESIAN_POINT('',(0.347,-0.195,-0.1));
#5275=CARTESIAN_POINT('',(0.347,-0.195,-0.1));
#5276=CARTESIAN_POINT('',(0.347,-0.195,-0.112));
#5277=CARTESIAN_POINT('',(0.347,-0.195,-0.1));
#5278=CARTESIAN_POINT('',(0.,0.,-0.274));
#5279=CARTESIAN_POINT('',(-0.171,0.2495,0.006));
#5280=CARTESIAN_POINT('',(-0.189,0.2495,-0.000686291501015249));
#5281=CARTESIAN_POINT('',(-0.189,0.2495,-0.000686291501015249));
#5282=CARTESIAN_POINT('',(-0.189,0.2495,0.187));
#5283=CARTESIAN_POINT('',(0.4,0.2495,0.187));
#5284=CARTESIAN_POINT('',(-0.177,0.2495,0.187));
#5285=CARTESIAN_POINT('',(-0.177,0.2495,0.2));
#5286=CARTESIAN_POINT('',(-0.177,0.2495,0.00600000000000002));
#5287=CARTESIAN_POINT('',(-0.171,0.2495,0.006));
#5288=CARTESIAN_POINT('',(-0.171,0.2495,0.));
#5289=CARTESIAN_POINT('',(0.177,0.2495,0.));
#5290=CARTESIAN_POINT('',(-0.177,0.2495,0.));
#5291=CARTESIAN_POINT('',(-0.177,0.2495,0.));
#5292=CARTESIAN_POINT('',(-0.177,0.2495,-0.012));
#5293=CARTESIAN_POINT('',(0.177686291501015,0.2495,-0.012));
#5294=CARTESIAN_POINT('',(-0.177686291501015,0.2495,-0.012));
#5295=CARTESIAN_POINT('',(-0.177686291501015,0.2495,-0.012));
#5296=CARTESIAN_POINT('',(-0.171,0.,0.006));
#5297=CARTESIAN_POINT('',(0.4,0.,0.187));
#5298=CARTESIAN_POINT('',(0.189,0.,0.187));
#5299=CARTESIAN_POINT('',(0.177,0.,0.187));
#5300=CARTESIAN_POINT('',(0.177,0.,0.006));
#5301=CARTESIAN_POINT('',(0.177,0.,0.006));
#5302=CARTESIAN_POINT('',(0.171,0.,0.00599999999999997));
#5303=CARTESIAN_POINT('',(0.171,0.,0.));
#5304=CARTESIAN_POINT('',(-0.171,0.,0.));
#5305=CARTESIAN_POINT('',(0.,0.,0.));
#5306=CARTESIAN_POINT('',(0.,0.,-0.032));
#5307=CARTESIAN_POINT('',(0.,0.,-0.012));
#5308=CARTESIAN_POINT('',(0.177686291501015,0.,-0.012));
#5309=CARTESIAN_POINT('',(0.177686291501015,0.,-0.012));
#5310=CARTESIAN_POINT('',(0.189,0.,-0.000686291501015235));
#5311=CARTESIAN_POINT('',(0.189,0.,-0.00068629150101523));
#5312=CARTESIAN_POINT('',(0.189,0.,0.2));
#5313=CARTESIAN_POINT('',(-0.171,0.2495,0.006));
#5314=CARTESIAN_POINT('',(0.177,0.2495,0.006));
#5315=CARTESIAN_POINT('',(0.177,0.2495,0.006));
#5316=CARTESIAN_POINT('',(0.177,0.2495,0.187));
#5317=CARTESIAN_POINT('',(0.4,0.2495,0.187));
#5318=CARTESIAN_POINT('',(0.189,0.2495,0.187));
#5319=CARTESIAN_POINT('',(0.189,0.2495,0.2));
#5320=CARTESIAN_POINT('',(0.189,0.2495,-0.00068629150101523));
#5321=CARTESIAN_POINT('',(0.189,0.2495,-0.000686291501015235));
#5322=CARTESIAN_POINT('',(0.177686291501015,0.2495,-0.012));
#5323=CARTESIAN_POINT('',(0.177686291501015,0.2495,-0.012));
#5324=CARTESIAN_POINT('',(0.177,0.2495,-0.012));
#5325=CARTESIAN_POINT('',(0.177,0.2495,0.));
#5326=CARTESIAN_POINT('',(0.177,0.2495,0.));
#5327=CARTESIAN_POINT('',(0.177,0.2495,0.));
#5328=CARTESIAN_POINT('',(0.171,0.2495,0.));
#5329=CARTESIAN_POINT('',(0.171,0.2495,0.00599999999999997));
#5330=CARTESIAN_POINT('',(-0.171,0.,0.006));
#5331=CARTESIAN_POINT('',(0.4,0.,0.187));
#5332=CARTESIAN_POINT('',(-0.189,0.,0.187));
#5333=CARTESIAN_POINT('',(-0.177,0.,0.187));
#5334=CARTESIAN_POINT('',(-0.189,0.,-0.000686291501015249));
#5335=CARTESIAN_POINT('',(-0.189,0.,-0.000686291501015249));
#5336=CARTESIAN_POINT('',(-0.177686291501015,0.,-0.012));
#5337=CARTESIAN_POINT('',(-0.177686291501015,0.,-0.012));
#5338=CARTESIAN_POINT('',(0.177686291501015,0.,-0.012));
#5339=CARTESIAN_POINT('',(-0.02,0.,-0.012));
#5340=CARTESIAN_POINT('',(-0.02,0.,-0.032));
#5341=CARTESIAN_POINT('',(-0.02,0.,0.));
#5342=CARTESIAN_POINT('',(-0.171,0.,0.));
#5343=CARTESIAN_POINT('',(-0.171,0.,1.49397937153514E-17));
#5344=CARTESIAN_POINT('',(-0.171,0.,0.006));
#5345=CARTESIAN_POINT('',(-0.177,0.,0.00600000000000002));
#5346=CARTESIAN_POINT('',(-0.177,0.,0.2));
#5347=CARTESIAN_POINT('',(0.177,0.2495,0.));
#5348=CARTESIAN_POINT('',(-0.157,0.2495,0.));
#5349=CARTESIAN_POINT('',(-0.157,0.2495,-0.012));
#5350=CARTESIAN_POINT('',(-0.157,0.2495,-0.0320000000000001));
#5351=CARTESIAN_POINT('',(0.177686291501015,0.2495,-0.012));
#5352=CARTESIAN_POINT('',(-0.177,0.2495,0.));
#5353=CARTESIAN_POINT('',(-0.177,0.2495,-0.0320000000000001));
#5354=CARTESIAN_POINT('',(0.177,0.2495,-0.0320000000000001));
#5355=CARTESIAN_POINT('',(0.177,0.2565,-0.00499999999999998));
#5356=CARTESIAN_POINT('',(-0.157,0.2565,-0.00499999999999998));
#5357=CARTESIAN_POINT('',(-0.157,0.2615,-0.005));
#5358=CARTESIAN_POINT('',(-0.157,0.2565,0.));
#5359=CARTESIAN_POINT('',(0.177,0.2615,-0.005));
#5360=CARTESIAN_POINT('',(-0.177,0.2615,-0.005));
#5361=CARTESIAN_POINT('',(-0.177,0.2565,-0.00499999999999998));
#5362=CARTESIAN_POINT('',(-0.177,0.2565,0.));
#5363=CARTESIAN_POINT('',(0.177,0.2565,0.));
#5364=CARTESIAN_POINT('',(0.177,0.2495,-0.0320000000000001));
#5365=CARTESIAN_POINT('',(-0.157,0.2495,-0.0320000000000001));
#5366=CARTESIAN_POINT('',(-0.157,0.2615,-0.0320000000000001));
#5367=CARTESIAN_POINT('',(-0.177,0.2495,-0.0320000000000001));
#5368=CARTESIAN_POINT('',(-0.177,0.2615,-0.0320000000000001));
#5369=CARTESIAN_POINT('',(0.177,0.2615,-0.0320000000000001));
#5370=CARTESIAN_POINT('',(0.177,0.2615,-0.0320000000000001));
#5371=CARTESIAN_POINT('',(-0.157,0.2615,-0.0320000000000001));
#5372=CARTESIAN_POINT('',(-0.177,0.2615,-0.0320000000000001));
#5373=CARTESIAN_POINT('',(-0.189,0.2495,-0.000686291501015249));
#5374=CARTESIAN_POINT('',(-0.189,0.00999999999999997,0.187));
#5375=CARTESIAN_POINT('',(-0.189,0.00999999999999999,0.197));
#5376=CARTESIAN_POINT('',(-0.189,0.2495,0.197));
#5377=CARTESIAN_POINT('',(-0.189,0.2395,0.197));
#5378=CARTESIAN_POINT('',(-0.189,0.2395,0.187));
#5379=CARTESIAN_POINT('',(-0.189,0.2495,-0.000686291501015249));
#5380=CARTESIAN_POINT('',(-0.189,0.152500000000007,-0.000686291501015247));
#5381=CARTESIAN_POINT('',(-0.189,0.1525,-0.000686291501015249));
#5382=CARTESIAN_POINT('',(-0.189,0.1525,0.065));
#5383=CARTESIAN_POINT('',(-0.189,0.233843145750508,-0.0163431457505076));
#5384=CARTESIAN_POINT('',(-0.189,0.1375,0.08));
#5385=CARTESIAN_POINT('',(-0.189,0.2495,0.08));
#5386=CARTESIAN_POINT('',(-0.189,0.1075,0.08));
#5387=CARTESIAN_POINT('',(-0.189,0.138156854249492,0.110656854249492));
#5388=CARTESIAN_POINT('',(-0.189,0.0925,0.065));
#5389=CARTESIAN_POINT('',(-0.189,0.0925,-0.000686291501015249));
#5390=CARTESIAN_POINT('',(-0.189,0.0925000000000023,-0.000686291501015246));
#5391=CARTESIAN_POINT('',(-0.189,0.2495,-0.000686291501015249));
#5392=CARTESIAN_POINT('',(-0.189,0.1649,-0.000686291501015249));
#5393=CARTESIAN_POINT('',(-0.189,0.1649,0.174));
#5394=CARTESIAN_POINT('',(-0.189,0.1649,0.117));
#5395=CARTESIAN_POINT('',(-0.189,0.2495,0.174));
#5396=CARTESIAN_POINT('',(-0.189,0.0849,0.174));
#5397=CARTESIAN_POINT('',(-0.189,0.0849,-0.000686291501015249));
#5398=CARTESIAN_POINT('',(-0.189,0.0849,0.117));
#5399=CARTESIAN_POINT('',(-0.189,0.2495,0.117));
#5400=CARTESIAN_POINT('',(-0.177,0.2495,0.2));
#5401=CARTESIAN_POINT('',(-0.177,0.2495,0.197));
#5402=CARTESIAN_POINT('',(-0.177,0.00999999999999999,0.197));
#5403=CARTESIAN_POINT('',(-0.177,0.2395,0.197));
#5404=CARTESIAN_POINT('',(-0.177,0.00999999999999997,0.187));
#5405=CARTESIAN_POINT('',(-0.177,0.2495,0.00600000000000002));
#5406=CARTESIAN_POINT('',(-0.177,0.0925,0.00600000000000002));
#5407=CARTESIAN_POINT('',(-0.177,0.0925,0.2));
#5408=CARTESIAN_POINT('',(-0.177,0.0925,0.065));
#5409=CARTESIAN_POINT('',(-0.177,0.2385,0.211));
#5410=CARTESIAN_POINT('',(-0.177,0.1075,0.08));
#5411=CARTESIAN_POINT('',(-0.177,0.2495,0.08));
#5412=CARTESIAN_POINT('',(-0.177,0.1375,0.08));
#5413=CARTESIAN_POINT('',(-0.177,0.1335,0.084));
#5414=CARTESIAN_POINT('',(-0.177,0.1525,0.065));
#5415=CARTESIAN_POINT('',(-0.177,0.1525,0.2));
#5416=CARTESIAN_POINT('',(-0.177,0.1525,0.00600000000000002));
#5417=CARTESIAN_POINT('',(-0.177,0.2495,0.00600000000000002));
#5418=CARTESIAN_POINT('',(-0.177,0.2395,0.187));
#5419=CARTESIAN_POINT('',(-0.177,0.1649,0.2));
#5420=CARTESIAN_POINT('',(-0.177,0.1649,0.117));
#5421=CARTESIAN_POINT('',(-0.177,0.1649,0.174));
#5422=CARTESIAN_POINT('',(-0.177,0.2495,0.117));
#5423=CARTESIAN_POINT('',(-0.177,0.0849,0.117));
#5424=CARTESIAN_POINT('',(-0.177,0.0849,0.2));
#5425=CARTESIAN_POINT('',(-0.177,0.0849,0.174));
#5426=CARTESIAN_POINT('',(-0.177,0.2495,0.174));
#5427=CARTESIAN_POINT('',(0.177,0.2495,0.006));
#5428=CARTESIAN_POINT('',(0.177,0.00999999999999997,0.187));
#5429=CARTESIAN_POINT('',(0.177,0.00999999999999999,0.197));
#5430=CARTESIAN_POINT('',(0.177,0.2495,0.197));
#5431=CARTESIAN_POINT('',(0.177,0.2395,0.197));
#5432=CARTESIAN_POINT('',(0.177,0.2395,0.187));
#5433=CARTESIAN_POINT('',(0.177,0.2495,0.006));
#5434=CARTESIAN_POINT('',(0.177,0.1525,0.006));
#5435=CARTESIAN_POINT('',(0.177,0.1525,0.006));
#5436=CARTESIAN_POINT('',(0.177,0.1525,0.065));
#5437=CARTESIAN_POINT('',(0.177,0.2305,-0.013));
#5438=CARTESIAN_POINT('',(0.177,0.1375,0.08));
#5439=CARTESIAN_POINT('',(0.177,0.2495,0.08));
#5440=CARTESIAN_POINT('',(0.177,0.1075,0.08));
#5441=CARTESIAN_POINT('',(0.177,0.1415,0.114));
#5442=CARTESIAN_POINT('',(0.177,0.0925,0.065));
#5443=CARTESIAN_POINT('',(0.177,0.0925,0.006));
#5444=CARTESIAN_POINT('',(0.177,0.0925,0.006));
#5445=CARTESIAN_POINT('',(0.177,0.2495,0.006));
#5446=CARTESIAN_POINT('',(0.177,0.1649,0.006));
#5447=CARTESIAN_POINT('',(0.177,0.1649,0.174));
#5448=CARTESIAN_POINT('',(0.177,0.1649,0.117));
#5449=CARTESIAN_POINT('',(0.177,0.2495,0.174));
#5450=CARTESIAN_POINT('',(0.177,0.0849,0.174));
#5451=CARTESIAN_POINT('',(0.177,0.0849,0.006));
#5452=CARTESIAN_POINT('',(0.177,0.0849,0.117));
#5453=CARTESIAN_POINT('',(0.177,0.2495,0.117));
#5454=CARTESIAN_POINT('',(0.189,0.2495,0.2));
#5455=CARTESIAN_POINT('',(0.189,0.2495,0.197));
#5456=CARTESIAN_POINT('',(0.189,0.00999999999999999,0.197));
#5457=CARTESIAN_POINT('',(0.189,0.2395,0.197));
#5458=CARTESIAN_POINT('',(0.189,0.00999999999999997,0.187));
#5459=CARTESIAN_POINT('',(0.189,0.2495,-0.00068629150101523));
#5460=CARTESIAN_POINT('',(0.189,0.0925,-0.000686291501015234));
#5461=CARTESIAN_POINT('',(0.189,0.0925,0.2));
#5462=CARTESIAN_POINT('',(0.189,0.0925,0.065));
#5463=CARTESIAN_POINT('',(0.189,0.2385,0.211));
#5464=CARTESIAN_POINT('',(0.189,0.1075,0.08));
#5465=CARTESIAN_POINT('',(0.189,0.2495,0.08));
#5466=CARTESIAN_POINT('',(0.189,0.1375,0.08));
#5467=CARTESIAN_POINT('',(0.189,0.1335,0.084));
#5468=CARTESIAN_POINT('',(0.189,0.1525,0.065));
#5469=CARTESIAN_POINT('',(0.189,0.1525,0.2));
#5470=CARTESIAN_POINT('',(0.189,0.1525,-0.000686291501015234));
#5471=CARTESIAN_POINT('',(0.189,0.2495,-0.00068629150101523));
#5472=CARTESIAN_POINT('',(0.189,0.2395,0.187));
#5473=CARTESIAN_POINT('',(0.189,0.1649,0.2));
#5474=CARTESIAN_POINT('',(0.189,0.1649,0.117));
#5475=CARTESIAN_POINT('',(0.189,0.1649,0.174));
#5476=CARTESIAN_POINT('',(0.189,0.2495,0.117));
#5477=CARTESIAN_POINT('',(0.189,0.0849,0.117));
#5478=CARTESIAN_POINT('',(0.189,0.0849,0.2));
#5479=CARTESIAN_POINT('',(0.189,0.0849,0.174));
#5480=CARTESIAN_POINT('',(0.189,0.2495,0.174));
#5481=CARTESIAN_POINT('',(-0.177686291501015,0.2495,-0.012));
#5482=CARTESIAN_POINT('',(-0.177686291501015,0.2495,-0.012));
#5483=CARTESIAN_POINT('',(-0.177686291501015,0.152500000000007,-0.012));
#5484=CARTESIAN_POINT('',(-0.177686291501015,0.152500000000007,-0.012));
#5485=CARTESIAN_POINT('',(0.189,0.2495,-0.000686291501015235));
#5486=CARTESIAN_POINT('',(0.189,0.1525,-0.000686291501015235));
#5487=CARTESIAN_POINT('',(0.177686291501015,0.1525,-0.012));
#5488=CARTESIAN_POINT('',(0.177686291501015,0.2495,-0.012));
#5489=CARTESIAN_POINT('',(-0.171,0.2495,0.006));
#5490=CARTESIAN_POINT('',(-0.171,0.2495,1.49397937153514E-17));
#5491=CARTESIAN_POINT('',(-0.171,0.0925000000000023,0.));
#5492=CARTESIAN_POINT('',(-0.171,0.0925,0.006));
#5493=CARTESIAN_POINT('',(-0.171,0.2495,0.006));
#5494=CARTESIAN_POINT('',(-0.171,0.1525,0.006));
#5495=CARTESIAN_POINT('',(-0.171,0.1525,1.49397937153514E-17));
#5496=CARTESIAN_POINT('',(-0.171,0.2495,1.49397937153514E-17));
#5497=CARTESIAN_POINT('',(0.171,0.2495,0.00599999999999997));
#5498=CARTESIAN_POINT('',(0.171,0.0925,0.00599999999999997));
#5499=CARTESIAN_POINT('',(0.171,0.0925,1.70740499604016E-17));
#5500=CARTESIAN_POINT('',(0.171,0.2495,0.));
#5501=CARTESIAN_POINT('',(0.171,0.2495,0.00599999999999997));
#5502=CARTESIAN_POINT('',(0.171,0.2495,0.));
#5503=CARTESIAN_POINT('',(0.171,0.1525,0.));
#5504=CARTESIAN_POINT('',(0.171,0.1525,0.00599999999999997));
#5505=CARTESIAN_POINT('',(-0.171,0.2495,0.));
#5506=CARTESIAN_POINT('',(0.177,0.2565,0.));
#5507=CARTESIAN_POINT('',(0.177,0.2565,0.));
#5508=CARTESIAN_POINT('',(0.157,0.2565,0.));
#5509=CARTESIAN_POINT('',(0.157,0.2565,0.));
#5510=CARTESIAN_POINT('',(0.157,0.2495,0.));
#5511=CARTESIAN_POINT('',(0.157,0.2495,0.));
#5512=CARTESIAN_POINT('',(-0.157,0.2495,0.));
#5513=CARTESIAN_POINT('',(-0.157,0.2565,0.));
#5514=CARTESIAN_POINT('',(-0.177,0.2565,0.));
#5515=CARTESIAN_POINT('',(-0.144000000000003,0.152500000000007,0.));
#5516=CARTESIAN_POINT('',(-0.144000000000003,0.152500000000007,0.));
#5517=CARTESIAN_POINT('',(-0.1665,0.122500000000005,0.));
#5518=CARTESIAN_POINT('',(-0.144000000000003,0.0925000000000023,0.));
#5519=CARTESIAN_POINT('',(-0.189,0.0925000000000023,0.));
#5520=CARTESIAN_POINT('',(-0.02,0.,0.));
#5521=CARTESIAN_POINT('',(-0.02,-0.007,0.));
#5522=CARTESIAN_POINT('',(-0.02,-0.007,0.));
#5523=CARTESIAN_POINT('',(0.,-0.007,0.));
#5524=CARTESIAN_POINT('',(0.,0.,0.));
#5525=CARTESIAN_POINT('',(0.144,0.0925,0.));
#5526=CARTESIAN_POINT('',(0.144,0.0925,0.));
#5527=CARTESIAN_POINT('',(0.1665,0.1225,0.));
#5528=CARTESIAN_POINT('',(0.144,0.1525,0.));
#5529=CARTESIAN_POINT('',(0.189,0.1525,0.));
#5530=CARTESIAN_POINT('',(0.177,0.2565,0.));
#5531=CARTESIAN_POINT('',(0.189,0.2495,-0.000686291501015235));
#5532=CARTESIAN_POINT('',(0.177686291501015,0.2495,-0.012));
#5533=CARTESIAN_POINT('',(0.177686291501015,0.0925,-0.012));
#5534=CARTESIAN_POINT('',(0.189,0.0925,-0.000686291501015235));
#5535=CARTESIAN_POINT('',(0.177686291501015,0.2495,-0.012));
#5536=CARTESIAN_POINT('',(-0.094,0.1375,-0.012));
#5537=CARTESIAN_POINT('',(-0.094,0.1375,-0.012));
#5538=CARTESIAN_POINT('',(-0.094,0.1095,-0.012));
#5539=CARTESIAN_POINT('',(0.177686291501015,0.1375,-0.012));
#5540=CARTESIAN_POINT('',(-0.106,0.1375,-0.012));
#5541=CARTESIAN_POINT('',(-0.106,0.2495,-0.012));
#5542=CARTESIAN_POINT('',(-0.106,0.1095,-0.012));
#5543=CARTESIAN_POINT('',(0.177686291501015,0.1095,-0.012));
#5544=CARTESIAN_POINT('',(0.106,0.2495,-0.012));
#5545=CARTESIAN_POINT('',(0.106,0.1375,-0.012));
#5546=CARTESIAN_POINT('',(0.106,0.1095,-0.012));
#5547=CARTESIAN_POINT('',(0.177686291501015,0.1375,-0.012));
#5548=CARTESIAN_POINT('',(0.094,0.1375,-0.012));
#5549=CARTESIAN_POINT('',(0.094,0.1375,-0.012));
#5550=CARTESIAN_POINT('',(0.094,0.1095,-0.012));
#5551=CARTESIAN_POINT('',(0.177686291501015,0.1095,-0.012));
#5552=CARTESIAN_POINT('',(-0.1665,0.122500000000005,-0.012));
#5553=CARTESIAN_POINT('',(-0.144000000000003,0.0925000000000023,-0.012));
#5554=CARTESIAN_POINT('',(-0.144000000000003,0.152500000000007,-0.012));
#5555=CARTESIAN_POINT('',(-0.144000000000003,0.152500000000007,-0.012));
#5556=CARTESIAN_POINT('',(0.177686291501015,0.2495,-0.012));
#5557=CARTESIAN_POINT('',(0.157,0.2495,-0.012));
#5558=CARTESIAN_POINT('',(0.177686291501015,0.2495,-0.012));
#5559=CARTESIAN_POINT('',(0.189,0.1525,-0.012));
#5560=CARTESIAN_POINT('',(0.144,0.1525,-0.012));
#5561=CARTESIAN_POINT('',(0.1665,0.1225,-0.012));
#5562=CARTESIAN_POINT('',(0.144,0.0925,-0.012));
#5563=CARTESIAN_POINT('',(0.144,0.0925,-0.012));
#5564=CARTESIAN_POINT('',(0.177686291501015,0.,-0.012));
#5565=CARTESIAN_POINT('',(-0.177686291501015,0.2495,-0.012));
#5566=CARTESIAN_POINT('',(-0.177686291501015,0.0925000000000023,-0.012));
#5567=CARTESIAN_POINT('',(-0.189,0.0925000000000023,-0.012));
#5568=CARTESIAN_POINT('',(-0.177686291501015,0.2495,-0.012));
#5569=CARTESIAN_POINT('',(-0.177686291501015,0.0925000000000023,-0.012));
#5570=CARTESIAN_POINT('',(0.245,0.1525,0.));
#5571=CARTESIAN_POINT('',(0.144,0.1525,-0.012));
#5572=CARTESIAN_POINT('',(0.245,0.1525,0.065));
#5573=CARTESIAN_POINT('',(0.245,0.0925,0.065));
#5574=CARTESIAN_POINT('',(0.245,0.0925,0.065));
#5575=CARTESIAN_POINT('',(0.144,0.0925,-0.012));
#5576=CARTESIAN_POINT('',(0.245,0.1075,0.08));
#5577=CARTESIAN_POINT('',(0.245,0.1075,0.08));
#5578=CARTESIAN_POINT('',(0.245,0.1375,0.08));
#5579=CARTESIAN_POINT('',(0.245,0.1375,0.08));
#5580=CARTESIAN_POINT('',(0.245,0.1525,0.065));
#5581=CARTESIAN_POINT('',(0.245,0.1525,0.065));
#5582=CARTESIAN_POINT('',(0.245,0.1525,0.065));
#5583=CARTESIAN_POINT('',(0.245,0.1375,0.08));
#5584=CARTESIAN_POINT('',(0.245,0.1375,0.08));
#5585=CARTESIAN_POINT('',(0.245,0.1075,0.08));
#5586=CARTESIAN_POINT('',(0.245,0.1075,0.08));
#5587=CARTESIAN_POINT('',(0.245,0.0925,0.065));
#5588=CARTESIAN_POINT('',(0.245,0.0925,0.065));
#5589=CARTESIAN_POINT('',(-0.144000000000003,0.0925000000000023,-0.012));
#5590=CARTESIAN_POINT('',(0.245,0.1525,0.));
#5591=CARTESIAN_POINT('',(-0.144000000000003,0.152500000000007,-0.012));
#5592=CARTESIAN_POINT('',(0.1665,0.1225,-0.012));
#5593=CARTESIAN_POINT('',(-0.1665,0.122500000000005,-0.012));
#5594=CARTESIAN_POINT('',(0.4,0.0849,0.117));
#5595=CARTESIAN_POINT('',(0.4,0.0849,0.117));
#5596=CARTESIAN_POINT('',(0.4,0.1649,0.117));
#5597=CARTESIAN_POINT('',(0.4,0.0849,0.174));
#5598=CARTESIAN_POINT('',(0.4,0.0849,0.174));
#5599=CARTESIAN_POINT('',(0.4,0.1649,0.174));
#5600=CARTESIAN_POINT('',(0.4,0.1649,0.174));
#5601=CARTESIAN_POINT('',(0.4,0.1649,0.117));
#5602=CARTESIAN_POINT('',(0.4,0.1649,0.117));
#5603=CARTESIAN_POINT('',(0.4,0.1649,0.117));
#5604=CARTESIAN_POINT('',(0.4,0.1649,0.174));
#5605=CARTESIAN_POINT('',(0.4,0.1649,0.174));
#5606=CARTESIAN_POINT('',(0.4,0.0849,0.174));
#5607=CARTESIAN_POINT('',(0.4,0.0849,0.174));
#5608=CARTESIAN_POINT('',(0.4,0.0849,0.117));
#5609=CARTESIAN_POINT('',(0.4,0.0849,0.117));
#5610=CARTESIAN_POINT('',(-0.02,0.,-0.032));
#5611=CARTESIAN_POINT('',(0.,0.,-0.032));
#5612=CARTESIAN_POINT('',(0.,0.,-0.032));
#5613=CARTESIAN_POINT('',(-0.02,0.,-0.032));
#5614=CARTESIAN_POINT('',(-0.02,0.,-0.032));
#5615=CARTESIAN_POINT('',(-0.02,0.,-0.032));
#5616=CARTESIAN_POINT('',(-0.02,-0.007,-0.005));
#5617=CARTESIAN_POINT('',(0.,-0.007,-0.005));
#5618=CARTESIAN_POINT('',(0.,-0.012,-0.005));
#5619=CARTESIAN_POINT('',(-0.02,-0.007,-0.005));
#5620=CARTESIAN_POINT('',(-0.02,-0.012,-0.005));
#5621=CARTESIAN_POINT('',(-0.02,-0.012,-0.005));
#5622=CARTESIAN_POINT('',(-0.02,-0.012,-0.005));
#5623=CARTESIAN_POINT('',(0.,-0.012,-0.005));
#5624=CARTESIAN_POINT('',(0.,-0.012,-0.032));
#5625=CARTESIAN_POINT('',(-0.02,-0.012,-0.005));
#5626=CARTESIAN_POINT('',(-0.02,-0.012,-0.032));
#5627=CARTESIAN_POINT('',(-0.02,-0.012,-0.032));
#5628=CARTESIAN_POINT('',(-0.02,-0.012,-0.032));
#5629=CARTESIAN_POINT('',(0.,-0.012,-0.032));
#5630=CARTESIAN_POINT('',(-0.02,-0.012,-0.032));
#5631=CARTESIAN_POINT('',(-0.02,-0.007,-0.005));
#5632=CARTESIAN_POINT('',(0.,-0.007,-0.005));
#5633=CARTESIAN_POINT('',(0.177,0.2495,0.));
#5634=CARTESIAN_POINT('',(0.157,0.2495,0.));
#5635=CARTESIAN_POINT('',(0.157,0.2495,-0.0320000000000001));
#5636=CARTESIAN_POINT('',(0.177,0.2495,-0.0320000000000001));
#5637=CARTESIAN_POINT('',(0.177,0.2495,-0.0320000000000001));
#5638=CARTESIAN_POINT('',(0.177,0.2495,0.));
#5639=CARTESIAN_POINT('',(0.177,0.2565,-0.00499999999999998));
#5640=CARTESIAN_POINT('',(0.177,0.2615,-0.005));
#5641=CARTESIAN_POINT('',(0.177,0.2615,-0.005));
#5642=CARTESIAN_POINT('',(0.157,0.2615,-0.005));
#5643=CARTESIAN_POINT('',(0.157,0.2565,-0.00499999999999998));
#5644=CARTESIAN_POINT('',(0.177,0.2565,-0.00499999999999998));
#5645=CARTESIAN_POINT('',(0.177,0.2495,-0.0320000000000001));
#5646=CARTESIAN_POINT('',(0.157,0.2495,-0.0320000000000001));
#5647=CARTESIAN_POINT('',(0.157,0.2615,-0.0320000000000001));
#5648=CARTESIAN_POINT('',(0.177,0.2615,-0.0320000000000001));
#5649=CARTESIAN_POINT('',(0.177,0.2615,-0.0320000000000001));
#5650=CARTESIAN_POINT('',(0.177,0.2495,-0.0320000000000001));
#5651=CARTESIAN_POINT('',(0.177,0.2615,-0.0320000000000001));
#5652=CARTESIAN_POINT('',(0.157,0.2615,-0.0320000000000001));
#5653=CARTESIAN_POINT('',(0.177,0.2615,-0.0320000000000001));
#5654=CARTESIAN_POINT('',(0.177,0.2565,-0.00499999999999998));
#5655=CARTESIAN_POINT('',(-0.177,0.2565,-0.00499999999999998));
#5656=CARTESIAN_POINT('',(0.157,0.2495,0.));
#5657=CARTESIAN_POINT('',(-0.157,0.2495,0.));
#5658=CARTESIAN_POINT('',(0.157,0.2495,0.));
#5659=CARTESIAN_POINT('',(0.157,0.2565,-0.00499999999999998));
#5660=CARTESIAN_POINT('',(-0.157,0.2565,-0.00499999999999998));
#5661=CARTESIAN_POINT('',(0.4,0.00999999999999997,0.187));
#5662=CARTESIAN_POINT('',(0.4,0.00999999999999999,0.197));
#5663=CARTESIAN_POINT('',(0.4,0.2395,0.187));
#5664=CARTESIAN_POINT('',(0.4,0.2395,0.197));
#5665=CARTESIAN_POINT('',(0.4,0.01,0.197));
#5666=CARTESIAN_POINT('',(0.4,0.01,0.197));
#5667=CARTESIAN_POINT('',(0.4,0.00999999999999999,0.197));
#5668=CARTESIAN_POINT('',(0.4,0.2395,0.197));
#5669=CARTESIAN_POINT('',(0.4,0.2395,0.187));
#5670=CARTESIAN_POINT('',(0.4,0.00999999999999997,0.187));
#5671=CARTESIAN_POINT('',(-0.0980000000000013,0.1375,-0.0513511637456548));
#5672=CARTESIAN_POINT('',(-0.0980000000000013,0.1095,-0.0513511637456548));
#5673=CARTESIAN_POINT('',(-0.094,0.1095,-0.051351163745655));
#5674=CARTESIAN_POINT('',(-0.0942009545340367,0.1095,-0.0526030637207103));
#5675=CARTESIAN_POINT('',(-0.0942009545340367,0.1375,-0.0526030637207103));
#5676=CARTESIAN_POINT('',(-0.0942009545340367,0.1375,-0.0526030637207103));
#5677=CARTESIAN_POINT('',(-0.0980000000000013,0.1375,-0.0513511637456548));
#5678=CARTESIAN_POINT('',(-0.094,0.1375,-0.051351163745655));
#5679=CARTESIAN_POINT('',(-0.094,0.1375,-0.051351163745655));
#5680=CARTESIAN_POINT('',(-0.00347500000000038,0.1375,-0.0825));
#5681=CARTESIAN_POINT('',(-0.00347500000000038,0.1095,-0.0825));
#5682=CARTESIAN_POINT('',(-0.0942009545340367,0.1095,-0.11239693627929));
#5683=CARTESIAN_POINT('',(-0.0942009545340367,0.1375,-0.11239693627929));
#5684=CARTESIAN_POINT('',(-0.0942009545340367,0.1375,-0.11239693627929));
#5685=CARTESIAN_POINT('',(-0.00347500000000038,0.1375,-0.0825));
#5686=CARTESIAN_POINT('',(-0.0980000000000013,0.1375,-0.113648836254345));
#5687=CARTESIAN_POINT('',(-0.0980000000000013,0.1095,-0.113648836254345));
#5688=CARTESIAN_POINT('',(-0.094,0.1095,-0.113648836254345));
#5689=CARTESIAN_POINT('',(-0.094,0.1375,-0.113648836254345));
#5690=CARTESIAN_POINT('',(-0.094,0.1375,-0.113648836254345));
#5691=CARTESIAN_POINT('',(-0.0980000000000013,0.1375,-0.113648836254345));
#5692=CARTESIAN_POINT('',(-0.094,0.1375,-0.113648836254345));
#5693=CARTESIAN_POINT('',(-0.094,0.1095,-0.113648836254345));
#5694=CARTESIAN_POINT('',(-0.094,0.1095,-0.14));
#5695=CARTESIAN_POINT('',(-0.094,0.1235,-0.14));
#5696=CARTESIAN_POINT('',(-0.0939999999999997,0.1375,-0.14));
#5697=CARTESIAN_POINT('',(-0.094,0.1375,-0.113648836254345));
#5698=CARTESIAN_POINT('',(-0.106,0.1375,-0.164));
#5699=CARTESIAN_POINT('',(-0.106,0.1375,-0.164));
#5700=CARTESIAN_POINT('',(-0.106,0.1375,-0.14));
#5701=CARTESIAN_POINT('',(-0.106,0.1375,-0.113648836254345));
#5702=CARTESIAN_POINT('',(-0.106,0.1235,-0.14));
#5703=CARTESIAN_POINT('',(-0.106,0.1095,-0.14));
#5704=CARTESIAN_POINT('',(-0.106,0.1095,-0.164));
#5705=CARTESIAN_POINT('',(-0.106,0.1095,-0.113648836254345));
#5706=CARTESIAN_POINT('',(-0.106,0.1375,-0.113648836254345));
#5707=CARTESIAN_POINT('',(-0.11,0.1375,-0.113648836254345));
#5708=CARTESIAN_POINT('',(-0.11,0.1095,-0.113648836254345));
#5709=CARTESIAN_POINT('',(-0.106200954534037,0.1095,-0.11239693627929));
#5710=CARTESIAN_POINT('',(-0.106200954534037,0.1375,-0.11239693627929));
#5711=CARTESIAN_POINT('',(-0.106200954534037,0.1375,-0.11239693627929));
#5712=CARTESIAN_POINT('',(-0.11,0.1375,-0.113648836254345));
#5713=CARTESIAN_POINT('',(-0.0154750000000001,0.1375,-0.0825));
#5714=CARTESIAN_POINT('',(-0.0154750000000001,0.1095,-0.0825));
#5715=CARTESIAN_POINT('',(-0.106200954534037,0.1095,-0.0526030637207103));
#5716=CARTESIAN_POINT('',(-0.106200954534037,0.1375,-0.0526030637207103));
#5717=CARTESIAN_POINT('',(-0.106200954534037,0.1375,-0.0526030637207103));
#5718=CARTESIAN_POINT('',(-0.0154750000000001,0.1375,-0.0825));
#5719=CARTESIAN_POINT('',(-0.11,0.1375,-0.051351163745655));
#5720=CARTESIAN_POINT('',(-0.11,0.1095,-0.051351163745655));
#5721=CARTESIAN_POINT('',(-0.106,0.1095,-0.0513511637456549));
#5722=CARTESIAN_POINT('',(-0.106,0.1375,-0.0513511637456549));
#5723=CARTESIAN_POINT('',(-0.106,0.1375,-0.0513511637456549));
#5724=CARTESIAN_POINT('',(-0.11,0.1375,-0.051351163745655));
#5725=CARTESIAN_POINT('',(-0.11,0.1375,-0.113648836254345));
#5726=CARTESIAN_POINT('',(0.3,0.1375,-0.14));
#5727=CARTESIAN_POINT('',(-0.106,0.1375,-0.0513511637456549));
#5728=CARTESIAN_POINT('',(-0.094,0.1375,-0.012));
#5729=CARTESIAN_POINT('',(-0.11,0.1095,-0.113648836254345));
#5730=CARTESIAN_POINT('',(0.3,0.1095,-0.14));
#5731=CARTESIAN_POINT('',(-0.094,0.1095,-0.012));
#5732=CARTESIAN_POINT('',(-0.106,0.1095,-0.0513511637456549));
#5733=CARTESIAN_POINT('',(-0.106,0.1375,-0.0513511637456549));
#5734=CARTESIAN_POINT('',(-0.094,0.1375,-0.012));
#5735=CARTESIAN_POINT('',(0.106,0.1375,-0.002));
#5736=CARTESIAN_POINT('',(0.106,0.1375,-0.002));
#5737=CARTESIAN_POINT('',(0.106,0.1375,-0.051351163745655));
#5738=CARTESIAN_POINT('',(0.106,0.1095,-0.002));
#5739=CARTESIAN_POINT('',(0.106,0.1095,-0.051351163745655));
#5740=CARTESIAN_POINT('',(0.106,0.1375,-0.051351163745655));
#5741=CARTESIAN_POINT('',(-0.11,0.1375,-0.113648836254345));
#5742=CARTESIAN_POINT('',(0.3,0.1375,-0.14));
#5743=CARTESIAN_POINT('',(0.106,0.1375,-0.14));
#5744=CARTESIAN_POINT('',(0.0940000000000001,0.1375,-0.14));
#5745=CARTESIAN_POINT('',(0.0940000000000001,0.1375,-0.164));
#5746=CARTESIAN_POINT('',(0.0940000000000001,0.1375,-0.113648836254345));
#5747=CARTESIAN_POINT('',(0.0980000000000005,0.1375,-0.113648836254345));
#5748=CARTESIAN_POINT('',(0.0942009543014507,0.1375,-0.112396936985101));
#5749=CARTESIAN_POINT('',(0.00347500000000018,0.1375,-0.0825));
#5750=CARTESIAN_POINT('',(0.0942009545340367,0.1375,-0.0526030637207103));
#5751=CARTESIAN_POINT('',(0.0980000000000001,0.1375,-0.0513511637456552));
#5752=CARTESIAN_POINT('',(0.0940000000000001,0.1375,-0.051351163745655));
#5753=CARTESIAN_POINT('',(0.0940000000000001,0.1375,-0.051351163745655));
#5754=CARTESIAN_POINT('',(0.110000000000001,0.1375,-0.0513511637456548));
#5755=CARTESIAN_POINT('',(0.106200954534037,0.1375,-0.0526030637207103));
#5756=CARTESIAN_POINT('',(0.0154750000000003,0.1375,-0.0825000000000001));
#5757=CARTESIAN_POINT('',(0.106200954534037,0.1375,-0.11239693627929));
#5758=CARTESIAN_POINT('',(0.11,0.1375,-0.113648836254345));
#5759=CARTESIAN_POINT('',(0.106,0.1375,-0.113648836254345));
#5760=CARTESIAN_POINT('',(0.106,0.1375,-0.113648836254345));
#5761=CARTESIAN_POINT('',(-0.11,0.1095,-0.113648836254345));
#5762=CARTESIAN_POINT('',(0.0940000000000001,0.1095,-0.164));
#5763=CARTESIAN_POINT('',(0.0940000000000001,0.1095,-0.14));
#5764=CARTESIAN_POINT('',(0.0940000000000001,0.1095,-0.113648836254345));
#5765=CARTESIAN_POINT('',(0.3,0.1095,-0.14));
#5766=CARTESIAN_POINT('',(0.106,0.1095,-0.14));
#5767=CARTESIAN_POINT('',(0.106,0.1095,-0.113648836254345));
#5768=CARTESIAN_POINT('',(0.106,0.1095,-0.113648836254345));
#5769=CARTESIAN_POINT('',(0.11,0.1095,-0.113648836254345));
#5770=CARTESIAN_POINT('',(0.106200954534037,0.1095,-0.11239693627929));
#5771=CARTESIAN_POINT('',(0.0154750000000003,0.1095,-0.0825000000000001));
#5772=CARTESIAN_POINT('',(0.106200954534037,0.1095,-0.0526030637207103));
#5773=CARTESIAN_POINT('',(0.110000000000001,0.1095,-0.0513511637456548));
#5774=CARTESIAN_POINT('',(0.0940000000000001,0.1095,-0.051351163745655));
#5775=CARTESIAN_POINT('',(0.0940000000000001,0.1095,-0.051351163745655));
#5776=CARTESIAN_POINT('',(0.0980000000000001,0.1095,-0.0513511637456552));
#5777=CARTESIAN_POINT('',(0.0942009545340367,0.1095,-0.0526030637207103));
#5778=CARTESIAN_POINT('',(0.00347500000000018,0.1095,-0.0825));
#5779=CARTESIAN_POINT('',(0.0942009543014507,0.1095,-0.112396936985101));
#5780=CARTESIAN_POINT('',(0.0980000000000005,0.1095,-0.113648836254345));
#5781=CARTESIAN_POINT('',(0.0940000000000001,0.1375,-0.051351163745655));
#5782=CARTESIAN_POINT('',(0.0940000000000001,0.1375,-0.051351163745655));
#5783=CARTESIAN_POINT('',(0.0980000000000001,0.1375,-0.0513511637456552));
#5784=CARTESIAN_POINT('',(0.0942009545340367,0.1375,-0.0526030637207103));
#5785=CARTESIAN_POINT('',(0.00347500000000018,0.1375,-0.0825));
#5786=CARTESIAN_POINT('',(0.0942009543014507,0.1375,-0.112396936985101));
#5787=CARTESIAN_POINT('',(0.0980000000000005,0.1375,-0.113648836254345));
#5788=CARTESIAN_POINT('',(0.0940000000000001,0.1375,-0.113648836254345));
#5789=CARTESIAN_POINT('',(0.0940000000000001,0.1375,-0.164));
#5790=CARTESIAN_POINT('',(0.0940000000000001,0.1235,-0.14));
#5791=CARTESIAN_POINT('',(0.106,0.1375,-0.113648836254345));
#5792=CARTESIAN_POINT('',(0.106,0.1235,-0.14));
#5793=CARTESIAN_POINT('',(0.106,0.1375,-0.113648836254345));
#5794=CARTESIAN_POINT('',(0.11,0.1375,-0.113648836254345));
#5795=CARTESIAN_POINT('',(0.106200954534037,0.1375,-0.11239693627929));
#5796=CARTESIAN_POINT('',(0.0154750000000003,0.1375,-0.0825000000000001));
#5797=CARTESIAN_POINT('',(0.106200954534037,0.1375,-0.0526030637207103));
#5798=CARTESIAN_POINT('',(0.110000000000001,0.1375,-0.0513511637456548));
#5799=CARTESIAN_POINT('',(0.3,0.1235,-0.14));
#5800=CARTESIAN_POINT('',(0.3,0.1235,-0.14));
#5801=CARTESIAN_POINT('',(0.,-0.173,-0.2925));
#5802=CARTESIAN_POINT('',(0.,-0.04,6.93889390390723E-18));
#5803=CARTESIAN_POINT('',(0.,-0.04,6.93889390390723E-18));
#5804=CARTESIAN_POINT('',(0.,-0.04,0.0377650283626276));
#5805=CARTESIAN_POINT('',(0.,-0.04,6.93889390390723E-18));
#5806=CARTESIAN_POINT('',(0.,0.339,8.79352914089626E-19));
#5807=CARTESIAN_POINT('',(0.,0.339,0.051));
#5808=CARTESIAN_POINT('',(0.,0.33914563333295,1.0671281225251E-18));
#5809=CARTESIAN_POINT('',(0.,0.394,-8.53702498020082E-18));
#5810=CARTESIAN_POINT('',(0.,0.,0.177));
#5811=MECHANICAL_DESIGN_GEOMETRIC_PRESENTATION_REPRESENTATION('',(#3529,
#3530,#3531,#3532),#5812);
#5812=(
GEOMETRIC_REPRESENTATION_CONTEXT(3)
GLOBAL_UNCERTAINTY_ASSIGNED_CONTEXT((#5817))
GLOBAL_UNIT_ASSIGNED_CONTEXT((#5824,#5823,#5822))
REPRESENTATION_CONTEXT('A24AH','TOP_LEVEL_ASSEMBLY_PART')
);
#5813=(
GEOMETRIC_REPRESENTATION_CONTEXT(3)
GLOBAL_UNCERTAINTY_ASSIGNED_CONTEXT((#5818))
GLOBAL_UNIT_ASSIGNED_CONTEXT((#5824,#5823,#5822))
REPRESENTATION_CONTEXT('A2-toggle-body','COMPONENT_PART')
);
#5814=(
GEOMETRIC_REPRESENTATION_CONTEXT(3)
GLOBAL_UNCERTAINTY_ASSIGNED_CONTEXT((#5819))
GLOBAL_UNIT_ASSIGNED_CONTEXT((#5824,#5823,#5822))
REPRESENTATION_CONTEXT('A24H-toggle-terminals','COMPONENT_PART')
);
#5815=(
GEOMETRIC_REPRESENTATION_CONTEXT(3)
GLOBAL_UNCERTAINTY_ASSIGNED_CONTEXT((#5820))
GLOBAL_UNIT_ASSIGNED_CONTEXT((#5824,#5823,#5822))
REPRESENTATION_CONTEXT('A2H-toggle-bracket_ra','COMPONENT_PART')
);
#5816=(
GEOMETRIC_REPRESENTATION_CONTEXT(3)
GLOBAL_UNCERTAINTY_ASSIGNED_CONTEXT((#5821))
GLOBAL_UNIT_ASSIGNED_CONTEXT((#5824,#5823,#5822))
REPRESENTATION_CONTEXT('AA-toggle-toggle','COMPONENT_PART')
);
#5817=UNCERTAINTY_MEASURE_WITH_UNIT(LENGTH_MEASURE(3.93700787401575E-7),
#5824,'DISTANCE_ACCURACY_VALUE','Maximum Tolerance applied to model');
#5818=UNCERTAINTY_MEASURE_WITH_UNIT(LENGTH_MEASURE(3.93700787401575E-7),
#5824,'DISTANCE_ACCURACY_VALUE','Maximum Tolerance applied to model');
#5819=UNCERTAINTY_MEASURE_WITH_UNIT(LENGTH_MEASURE(3.93700787401575E-7),
#5824,'DISTANCE_ACCURACY_VALUE','Maximum Tolerance applied to model');
#5820=UNCERTAINTY_MEASURE_WITH_UNIT(LENGTH_MEASURE(3.93700787401575E-7),
#5824,'DISTANCE_ACCURACY_VALUE','Maximum Tolerance applied to model');
#5821=UNCERTAINTY_MEASURE_WITH_UNIT(LENGTH_MEASURE(3.93700787401575E-7),
#5824,'DISTANCE_ACCURACY_VALUE','Maximum Tolerance applied to model');
#5822=(
NAMED_UNIT(*)
SI_UNIT($,.STERADIAN.)
SOLID_ANGLE_UNIT()
);
#5823=(
NAMED_UNIT(*)
PLANE_ANGLE_UNIT()
SI_UNIT($,.RADIAN.)
);
#5824=(
CONVERSION_BASED_UNIT('INCH',#5826)
LENGTH_UNIT()
NAMED_UNIT(#5825)
);
#5825=DIMENSIONAL_EXPONENTS(1.,0.,0.,0.,0.,0.,0.);
#5826=LENGTH_MEASURE_WITH_UNIT(LENGTH_MEASURE(25.4),#5827);
#5827=(
LENGTH_UNIT()
NAMED_UNIT(*)
SI_UNIT(.MILLI.,.METRE.)
);
#5828=PRODUCT_DEFINITION_SHAPE('','',#5837);
#5829=PRODUCT_DEFINITION_SHAPE('','',#5838);
#5830=PRODUCT_DEFINITION_SHAPE(' ','NAUO PRDDFN',#23);
#5831=PRODUCT_DEFINITION_SHAPE('','',#5839);
#5832=PRODUCT_DEFINITION_SHAPE(' ','NAUO PRDDFN',#24);
#5833=PRODUCT_DEFINITION_SHAPE('','',#5840);
#5834=PRODUCT_DEFINITION_SHAPE(' ','NAUO PRDDFN',#25);
#5835=PRODUCT_DEFINITION_SHAPE('','',#5841);
#5836=PRODUCT_DEFINITION_SHAPE(' ','NAUO PRDDFN',#26);
#5837=PRODUCT_DEFINITION('','',#5847,#5842);
#5838=PRODUCT_DEFINITION('','',#5848,#5843);
#5839=PRODUCT_DEFINITION('','',#5849,#5844);
#5840=PRODUCT_DEFINITION('','',#5850,#5845);
#5841=PRODUCT_DEFINITION('','',#5851,#5846);
#5842=PRODUCT_DEFINITION_CONTEXT('',#5873,'design');
#5843=PRODUCT_DEFINITION_CONTEXT('',#5873,'design');
#5844=PRODUCT_DEFINITION_CONTEXT('',#5873,'design');
#5845=PRODUCT_DEFINITION_CONTEXT('',#5873,'design');
#5846=PRODUCT_DEFINITION_CONTEXT('',#5873,'design');
#5847=PRODUCT_DEFINITION_FORMATION_WITH_SPECIFIED_SOURCE('','',#5857,
 .NOT_KNOWN.);
#5848=PRODUCT_DEFINITION_FORMATION_WITH_SPECIFIED_SOURCE('','',#5858,
 .NOT_KNOWN.);
#5849=PRODUCT_DEFINITION_FORMATION_WITH_SPECIFIED_SOURCE('','',#5859,
 .NOT_KNOWN.);
#5850=PRODUCT_DEFINITION_FORMATION_WITH_SPECIFIED_SOURCE('','',#5860,
 .NOT_KNOWN.);
#5851=PRODUCT_DEFINITION_FORMATION_WITH_SPECIFIED_SOURCE('','',#5861,
 .NOT_KNOWN.);
#5852=PRODUCT_RELATED_PRODUCT_CATEGORY('','',(#5857));
#5853=PRODUCT_RELATED_PRODUCT_CATEGORY('','',(#5858));
#5854=PRODUCT_RELATED_PRODUCT_CATEGORY('','',(#5859));
#5855=PRODUCT_RELATED_PRODUCT_CATEGORY('','',(#5860));
#5856=PRODUCT_RELATED_PRODUCT_CATEGORY('','',(#5861));
#5857=PRODUCT('A24AH','A24AH','A24AH',(#5867));
#5858=PRODUCT('A2-toggle-body','A2-toggle-body','A2-toggle-body',(#5868));
#5859=PRODUCT('A24H-toggle-terminals','A24H-toggle-terminals',
'A24H-toggle-terminals',(#5869));
#5860=PRODUCT('A2H-toggle-bracket_ra','A2H-toggle-bracket_ra',
'A2H-toggle-bracket_ra',(#5870));
#5861=PRODUCT('AA-toggle-toggle','AA-toggle-toggle','AA-toggle-toggle',
(#5871));
#5862=PRODUCT_CATEGORY('','');
#5863=PRODUCT_CATEGORY('','');
#5864=PRODUCT_CATEGORY('','');
#5865=PRODUCT_CATEGORY('','');
#5866=PRODUCT_CATEGORY('','');
#5867=PRODUCT_CONTEXT('',#5873,'mechanical');
#5868=PRODUCT_CONTEXT('',#5873,'mechanical');
#5869=PRODUCT_CONTEXT('',#5873,'mechanical');
#5870=PRODUCT_CONTEXT('',#5873,'mechanical');
#5871=PRODUCT_CONTEXT('',#5873,'mechanical');
#5872=APPLICATION_PROTOCOL_DEFINITION('international standard',
'ap242_managed_model_based_3d_engineering',2011,#5873);
#5873=APPLICATION_CONTEXT('managed model based 3d engineering');
ENDSEC;
END-ISO-10303-21;
